Rk,Player,Age,Tm,Pos,G,GS,MP,FG%,Dist.,% of FGA by Distance_2P,% of FGA by Distance_0-3,% of FGA by Distance_3-10,% of FGA by Distance_10-16,% of FGA by Distance_16-3P,% of FGA by Distance_3P,FG% by Distance_2P,FG% by Distance_0-3,FG% by Distance_3-10,FG% by Distance_10-16,FG% by Distance_16-3P,FG% by Distance_3P,% of FG Ast'd_2P,% of FG Ast'd_3P,Dunks_%FGA,Dunks_#,Corner 3s_%3PA,Corner 3s_3P%,Heaves_Att.,Heaves_Md.,Awards
1.0,Kevin Durant,21.0,OKC,SF,82.0,82.0,3239.0,0.476,13.2,0.79,0.245,0.107,0.203,0.235,0.21,0.506,0.703,0.444,0.445,0.38,0.365,0.471,0.773,0.082,133.0,0.048,0.235,1.0,0.0,"MVP-2,AS,NBA1"
2.0,Andre Iguodala,26.0,PHI,SF,82.0,82.0,3193.0,0.443,14.5,0.729,0.276,0.054,0.116,0.284,0.271,0.492,0.683,0.367,0.308,0.406,0.31,0.415,0.809,0.112,122.0,0.165,0.3,7.0,0.0,0
3.0,Rudy Gay,23.0,MEM,SF,80.0,80.0,3175.0,0.466,11.5,0.843,0.312,0.158,0.157,0.217,0.157,0.492,0.59,0.453,0.455,0.405,0.327,0.36,0.894,0.104,119.0,0.188,0.368,4.0,0.0,0
4.0,Stephen Jackson,31.0,2TM,SG,81.0,81.0,3129.0,0.423,14.0,0.723,0.323,0.083,0.085,0.233,0.277,0.46,0.555,0.376,0.367,0.391,0.328,0.416,0.752,0.025,33.0,0.224,0.364,4.0,0.0,MVP-12
4.0,Stephen Jackson,31.0,GSW,PF,9.0,9.0,300.0,0.421,15.0,0.699,0.218,0.15,0.06,0.271,0.301,0.484,0.586,0.35,0.5,0.472,0.275,0.267,0.818,0.008,1.0,0.175,0.286,1.0,0.0,0
4.0,Stephen Jackson,31.0,CHA,SG,72.0,72.0,2829.0,0.423,13.1,0.725,0.334,0.075,0.087,0.229,0.275,0.457,0.552,0.381,0.357,0.381,0.334,0.432,0.746,0.026,32.0,0.229,0.37,3.0,0.0,0
5.0,Gerald Wallace,27.0,CHA,SF,76.0,76.0,3119.0,0.484,7.9,0.852,0.572,0.077,0.025,0.177,0.148,0.503,0.59,0.356,0.292,0.317,0.371,0.567,0.981,0.074,57.0,0.664,0.398,0.0,0.0,"DPOY-3,AS,DEF1"
6.0,O.J. Mayo,22.0,MEM,SG,82.0,82.0,3113.0,0.458,14.5,0.7,0.265,0.096,0.085,0.254,0.3,0.49,0.653,0.336,0.42,0.402,0.383,0.47,0.816,0.025,29.0,0.22,0.474,4.0,0.0,0
7.0,Zach Randolph,28.0,MEM,PF,81.0,81.0,3051.0,0.488,7.5,0.961,0.451,0.226,0.1,0.184,0.039,0.496,0.58,0.447,0.366,0.423,0.288,0.469,0.8,0.002,3.0,0.269,0.286,5.0,1.0,AS
8.0,Jeff Green,23.0,OKC,PF,82.0,82.0,3043.0,0.453,12.3,0.708,0.31,0.155,0.077,0.165,0.292,0.503,0.648,0.47,0.354,0.333,0.333,0.451,1.0,0.058,58.0,0.372,0.345,2.0,0.0,0
9.0,Dirk Nowitzki,31.0,DAL,PF,81.0,80.0,3039.0,0.481,13.7,0.919,0.162,0.082,0.29,0.384,0.081,0.487,0.621,0.439,0.442,0.473,0.421,0.587,0.98,0.018,24.0,0.017,1.0,0.0,0.0,"MVP-7,AS,NBA2"
10.0,Brook Lopez,21.0,NJN,C,82.0,82.0,3027.0,0.499,6.6,0.998,0.476,0.22,0.124,0.179,0.002,0.5,0.611,0.468,0.371,0.332,0.0,0.568,0.0,0.125,126.0,0.0,0.0,0.0,0.0,0
11.0,David Lee,26.0,NYK,C,81.0,81.0,3019.0,0.545,8.0,0.994,0.464,0.134,0.114,0.282,0.006,0.549,0.663,0.435,0.49,0.439,0.0,0.638,0.0,0.056,68.0,0.125,0.0,0.0,0.0,"DPOY-17,AS"
12.0,LeBron James,25.0,CLE,SF,76.0,76.0,2966.0,0.503,13.4,0.747,0.342,0.082,0.061,0.262,0.253,0.56,0.745,0.468,0.344,0.398,0.333,0.369,0.341,0.08,117.0,0.111,0.395,4.0,0.0,"MVP-1,DPOY-4,AS,NBA1,DEF1"
13.0,Rajon Rondo,23.0,BOS,PG,81.0,81.0,2963.0,0.508,8.1,0.912,0.501,0.157,0.087,0.166,0.088,0.536,0.658,0.394,0.443,0.353,0.213,0.296,0.471,0.018,13.0,0.25,0.25,3.0,0.0,"DPOY-5,AS,DEF1"
14.0,David West,29.0,NOH,PF,81.0,81.0,2949.0,0.505,9.1,0.978,0.351,0.174,0.219,0.234,0.022,0.51,0.614,0.465,0.431,0.463,0.259,0.565,1.0,0.019,21.0,0.296,0.25,0.0,0.0,0
15.0,LaMarcus Aldridge,24.0,POR,PF,78.0,78.0,2922.0,0.495,10.8,0.986,0.247,0.215,0.21,0.314,0.014,0.498,0.716,0.442,0.431,0.409,0.313,0.57,1.0,0.078,87.0,0.375,0.667,3.0,0.0,0
16.0,Aaron Brooks,25.0,HOU,PG,82.0,82.0,2919.0,0.432,15.2,0.606,0.258,0.087,0.099,0.162,0.394,0.454,0.487,0.474,0.439,0.4,0.398,0.21,0.713,0.0,0.0,0.143,0.48,5.0,0.0,MIP-1
17.0,Boris Diaw,27.0,CHA,PF,82.0,82.0,2906.0,0.483,11.6,0.734,0.387,0.129,0.049,0.168,0.266,0.541,0.645,0.47,0.289,0.431,0.32,0.691,1.0,0.008,5.0,0.092,0.211,1.0,0.0,0
18.0,Stephen Curry,21.0,GSW,PG,80.0,77.0,2896.0,0.462,16.5,0.668,0.19,0.074,0.113,0.29,0.332,0.474,0.599,0.376,0.388,0.452,0.437,0.307,0.741,0.0,0.0,0.179,0.574,6.0,0.0,ROY-2
19.0,Joe Johnson,28.0,ATL,SG,76.0,76.0,2886.0,0.458,13.6,0.747,0.188,0.22,0.111,0.229,0.253,0.488,0.569,0.528,0.429,0.413,0.369,0.291,0.767,0.008,11.0,0.429,0.373,1.0,0.0,"MVP-12,AS,NBA3"
20.0,Jason Kidd,36.0,DAL,PG,80.0,80.0,2881.0,0.423,19.7,0.383,0.133,0.037,0.052,0.161,0.617,0.42,0.551,0.2,0.371,0.38,0.425,0.306,0.932,0.0,0.0,0.191,0.418,3.0,0.0,AS
21.0,Josh Smith,24.0,ATL,PF,81.0,81.0,2871.0,0.505,6.5,0.993,0.55,0.191,0.026,0.226,0.007,0.508,0.658,0.372,0.346,0.279,0.0,0.621,0.0,0.144,134.0,0.286,0.0,1.0,0.0,"DPOY-2,DEF2"
22.0,Derrick Rose,21.0,CHI,PG,78.0,78.0,2871.0,0.489,11.0,0.956,0.313,0.141,0.146,0.355,0.044,0.5,0.558,0.531,0.483,0.443,0.267,0.309,0.563,0.019,24.0,0.233,0.286,2.0,0.0,AS
23.0,Al Horford,23.0,ATL,C,81.0,81.0,2845.0,0.551,7.3,0.999,0.36,0.305,0.17,0.164,0.001,0.551,0.721,0.465,0.424,0.468,1.0,0.652,1.0,0.105,86.0,1.0,1.0,0.0,0.0,AS
24.0,Dwight Howard,24.0,ORL,C,82.0,82.0,2843.0,0.612,3.8,0.992,0.553,0.396,0.04,0.004,0.008,0.617,0.753,0.452,0.394,0.333,0.0,0.496,0.0,0.246,197.0,0.0,0.0,5.0,0.0,"MVP-4,DPOY-1,AS,NBA1,DEF1"
25.0,Amar'e Stoudemire,27.0,PHO,PF,82.0,82.0,2838.0,0.557,7.1,0.995,0.428,0.264,0.11,0.193,0.005,0.559,0.675,0.518,0.468,0.41,0.167,0.612,1.0,0.164,187.0,0.167,0.0,2.0,0.0,"MVP-10,AS,NBA2"
26.0,Kobe Bryant,31.0,LAL,SG,73.0,73.0,2835.0,0.456,13.5,0.808,0.212,0.132,0.221,0.243,0.192,0.487,0.581,0.449,0.483,0.429,0.329,0.368,0.636,0.025,36.0,0.1,0.367,2.0,0.0,"MVP-3,DPOY-12,AS,NBA1,DEF1"
27.0,John Salmons,30.0,2TM,SG,81.0,56.0,2824.0,0.441,14.1,0.688,0.26,0.065,0.158,0.205,0.312,0.468,0.57,0.469,0.401,0.389,0.382,0.426,0.831,0.016,16.0,0.272,0.393,0.0,0.0,0
27.0,John Salmons,30.0,CHI,SG,51.0,28.0,1695.0,0.42,15.0,0.65,0.243,0.055,0.13,0.223,0.35,0.441,0.556,0.433,0.408,0.336,0.38,0.49,0.877,0.018,10.0,0.26,0.42,0.0,0.0,0
27.0,John Salmons,30.0,MIL,SG,30.0,28.0,1129.0,0.467,13.2,0.736,0.282,0.077,0.194,0.183,0.264,0.497,0.584,0.5,0.395,0.469,0.385,0.364,0.756,0.014,6.0,0.291,0.353,0.0,0.0,0
28.0,Ray Allen,34.0,BOS,SG,80.0,80.0,2819.0,0.477,15.8,0.59,0.224,0.085,0.084,0.196,0.41,0.556,0.679,0.41,0.561,0.476,0.363,0.643,0.917,0.01,10.0,0.286,0.316,0.0,0.0,0
29.0,Russell Westbrook,21.0,OKC,PG,82.0,82.0,2813.0,0.418,9.5,0.91,0.393,0.125,0.172,0.22,0.09,0.438,0.533,0.359,0.34,0.388,0.221,0.177,0.696,0.03,26.0,0.183,0.158,1.0,0.0,0
30.0,Deron Williams,25.0,UTA,PG,76.0,76.0,2802.0,0.469,13.0,0.754,0.303,0.111,0.082,0.258,0.246,0.501,0.599,0.487,0.36,0.438,0.371,0.455,0.521,0.017,15.0,0.066,0.471,0.0,0.0,"MVP-9,AS,NBA2"
31.0,Andrea Bargnani,24.0,TOR,PF,80.0,80.0,2799.0,0.47,14.7,0.716,0.198,0.148,0.144,0.226,0.284,0.509,0.664,0.497,0.479,0.399,0.372,0.688,0.983,0.039,42.0,0.031,0.5,4.0,1.0,0
32.0,Dwyane Wade,28.0,MIA,SG,77.0,77.0,2792.0,0.476,11.2,0.839,0.366,0.106,0.124,0.244,0.161,0.509,0.682,0.45,0.353,0.356,0.3,0.279,0.26,0.081,115.0,0.099,0.208,4.0,0.0,"MVP-5,DPOY-10,AS,NBA1,DEF2"
33.0,Caron Butler,29.0,2TM,SG,74.0,74.0,2783.0,0.428,13.6,0.862,0.249,0.104,0.087,0.422,0.138,0.45,0.508,0.358,0.286,0.473,0.29,0.488,0.667,0.034,32.0,0.29,0.286,5.0,0.0,0
33.0,Caron Butler,29.0,WAS,SF,47.0,47.0,1853.0,0.422,13.9,0.863,0.238,0.121,0.073,0.431,0.137,0.447,0.545,0.333,0.275,0.455,0.263,0.474,0.6,0.032,21.0,0.253,0.375,4.0,0.0,0
33.0,Caron Butler,29.0,DAL,SG,27.0,27.0,930.0,0.44,13.3,0.86,0.272,0.07,0.112,0.406,0.14,0.456,0.443,0.44,0.3,0.51,0.34,0.514,0.765,0.039,11.0,0.36,0.167,1.0,0.0,0
34.0,NenÃª,27.0,DEN,C,82.0,82.0,2755.0,0.587,4.5,0.997,0.649,0.135,0.091,0.123,0.003,0.589,0.695,0.34,0.462,0.398,0.0,0.753,0.0,0.198,132.0,0.0,0.0,0.0,0.0,0
35.0,Danilo Gallinari,21.0,NYK,SF,81.0,74.0,2747.0,0.423,18.2,0.474,0.182,0.04,0.056,0.195,0.526,0.469,0.58,0.486,0.385,0.387,0.381,0.447,0.898,0.032,30.0,0.18,0.341,2.0,0.0,0
36.0,Rasual Butler,30.0,LAC,SF,82.0,64.0,2702.0,0.409,18.5,0.503,0.129,0.036,0.114,0.225,0.497,0.482,0.67,0.484,0.384,0.423,0.336,0.673,0.903,0.036,29.0,0.336,0.352,0.0,0.0,0
37.0,Tyreke Evans,20.0,SAC,SG,72.0,72.0,2677.0,0.458,8.4,0.879,0.512,0.129,0.041,0.197,0.121,0.485,0.591,0.34,0.396,0.326,0.255,0.201,0.361,0.019,22.0,0.007,0.0,4.0,0.0,ROY-1
38.0,Carlos Boozer,28.0,UTA,PF,78.0,78.0,2673.0,0.562,6.8,1.0,0.456,0.204,0.148,0.192,0.0,0.562,0.679,0.469,0.475,0.45,0.0,0.742,0.0,0.069,69.0,0.0,0.0,0.0,0.0,0
39.0,Brandon Jennings,20.0,MIL,PG,82.0,82.0,2671.0,0.371,14.8,0.681,0.236,0.104,0.124,0.216,0.319,0.37,0.425,0.331,0.311,0.361,0.374,0.19,0.614,0.002,2.0,0.059,0.435,1.0,0.0,ROY-3
40.0,Luis Scola,29.0,HOU,PF,82.0,82.0,2671.0,0.514,8.4,0.995,0.357,0.26,0.117,0.261,0.005,0.515,0.653,0.473,0.422,0.411,0.2,0.626,1.0,0.002,2.0,0.0,0.0,2.0,0.0,0
41.0,Steve Nash,35.0,PHO,PG,81.0,81.0,2660.0,0.507,15.9,0.705,0.155,0.091,0.177,0.281,0.295,0.54,0.725,0.456,0.54,0.466,0.426,0.061,0.266,0.0,0.0,0.031,0.556,2.0,0.0,"MVP-8,AS,NBA2"
42.0,Luol Deng,24.0,CHI,SF,70.0,69.0,2651.0,0.466,12.2,0.918,0.294,0.114,0.089,0.421,0.082,0.474,0.621,0.44,0.422,0.391,0.386,0.583,0.969,0.035,33.0,0.783,0.415,1.0,0.0,0
43.0,Monta Ellis,24.0,GSW,SG,64.0,64.0,2647.0,0.449,12.1,0.838,0.33,0.129,0.095,0.284,0.162,0.47,0.623,0.331,0.396,0.381,0.338,0.314,0.675,0.017,17.0,0.171,0.487,4.0,0.0,0
44.0,Raymond Felton,25.0,CHA,PG,80.0,80.0,2643.0,0.459,11.9,0.816,0.364,0.1,0.076,0.275,0.184,0.475,0.584,0.459,0.422,0.352,0.385,0.29,0.867,0.008,6.0,0.25,0.333,4.0,1.0,0
45.0,Carmelo Anthony,25.0,DEN,SF,69.0,69.0,2634.0,0.458,11.1,0.875,0.362,0.099,0.125,0.291,0.125,0.478,0.595,0.324,0.444,0.4,0.316,0.375,0.847,0.041,57.0,0.107,0.3,0.0,0.0,"MVP-6,AS,NBA2"
46.0,Trevor Ariza,24.0,HOU,SF,72.0,71.0,2629.0,0.394,14.3,0.593,0.329,0.055,0.062,0.146,0.407,0.436,0.571,0.218,0.194,0.315,0.334,0.457,0.846,0.074,68.0,0.216,0.375,2.0,0.0,0
47.0,Chris Kaman,27.0,LAC,C,76.0,76.0,2608.0,0.49,8.6,0.995,0.334,0.227,0.23,0.204,0.005,0.492,0.604,0.48,0.366,0.465,0.0,0.705,0.0,0.039,47.0,0.167,0.0,4.0,0.0,AS
48.0,Metta World Peace,30.0,LAL,SF,77.0,77.0,2605.0,0.414,14.4,0.6,0.335,0.053,0.043,0.169,0.4,0.453,0.508,0.308,0.531,0.368,0.355,0.557,0.857,0.019,10.0,0.331,0.388,2.0,0.0,DPOY-6
49.0,Lamar Odom,30.0,LAL,PF,82.0,38.0,2585.0,0.463,10.5,0.754,0.442,0.133,0.058,0.12,0.246,0.51,0.587,0.429,0.349,0.393,0.319,0.43,0.845,0.055,36.0,0.187,0.441,6.0,0.0,6MOY-6
50.0,Mike Conley,22.0,MEM,PG,80.0,80.0,2569.0,0.445,12.3,0.745,0.337,0.127,0.09,0.19,0.255,0.464,0.564,0.448,0.293,0.38,0.387,0.111,0.927,0.001,1.0,0.283,0.483,1.0,0.0,0
51.0,Jason Terry,32.0,DAL,SG,77.0,12.0,2540.0,0.438,16.5,0.642,0.148,0.1,0.129,0.265,0.358,0.479,0.597,0.423,0.41,0.467,0.365,0.503,0.882,0.008,8.0,0.273,0.451,2.0,0.0,6MOY-2
52.0,Chris Bosh,25.0,TOR,C,70.0,70.0,2526.0,0.518,8.8,0.981,0.351,0.217,0.189,0.224,0.019,0.521,0.661,0.438,0.425,0.463,0.364,0.493,0.875,0.088,89.0,0.091,0.5,1.0,0.0,"MVP-12,AS"
53.0,Baron Davis,30.0,LAC,PG,75.0,73.0,2523.0,0.406,13.3,0.708,0.33,0.089,0.09,0.2,0.292,0.459,0.561,0.378,0.385,0.36,0.277,0.188,0.402,0.008,7.0,0.105,0.226,4.0,0.0,0
54.0,Richard Jefferson,29.0,SAS,SF,81.0,70.0,2520.0,0.467,12.4,0.759,0.33,0.116,0.089,0.223,0.241,0.515,0.695,0.333,0.29,0.434,0.316,0.647,1.0,0.092,65.0,0.39,0.37,3.0,0.0,0
55.0,Andre Miller,33.0,POR,PG,82.0,66.0,2500.0,0.445,10.4,0.912,0.382,0.112,0.16,0.258,0.088,0.469,0.602,0.431,0.372,0.346,0.2,0.273,0.75,0.002,2.0,0.125,0.2,8.0,0.0,0
56.0,Rodney Stuckey,23.0,DET,PG,73.0,67.0,2499.0,0.405,10.2,0.929,0.36,0.139,0.165,0.265,0.071,0.418,0.486,0.364,0.377,0.381,0.228,0.313,0.667,0.006,5.0,0.19,0.267,3.0,0.0,0
57.0,Brandon Rush,24.0,IND,SG,82.0,64.0,2491.0,0.423,16.4,0.57,0.219,0.071,0.074,0.205,0.43,0.433,0.5,0.44,0.346,0.389,0.411,0.526,0.992,0.036,24.0,0.374,0.522,0.0,0.0,0
58.0,Chauncey Billups,33.0,DEN,PG,73.0,73.0,2490.0,0.418,16.5,0.577,0.213,0.062,0.103,0.199,0.423,0.441,0.537,0.367,0.364,0.403,0.386,0.269,0.529,0.0,0.0,0.135,0.364,2.0,0.0,"MVP-12,AS"
59.0,Jason Richardson,29.0,PHO,SG,79.0,76.0,2485.0,0.474,13.9,0.599,0.315,0.1,0.057,0.127,0.401,0.528,0.656,0.46,0.351,0.346,0.393,0.585,0.93,0.055,44.0,0.315,0.405,0.0,0.0,0
60.0,Corey Brewer,23.0,MIN,SG,82.0,82.0,2482.0,0.431,12.9,0.75,0.335,0.083,0.075,0.257,0.25,0.459,0.607,0.316,0.38,0.336,0.346,0.584,0.963,0.06,52.0,0.262,0.306,4.0,1.0,0
61.0,Kirk Hinrich,29.0,CHI,SG,74.0,53.0,2481.0,0.409,17.9,0.628,0.143,0.046,0.058,0.38,0.372,0.431,0.481,0.486,0.273,0.43,0.371,0.49,0.885,0.0,0.0,0.239,0.478,2.0,0.0,0
62.0,Beno Udrih,27.0,SAC,PG,79.0,41.0,2477.0,0.493,14.7,0.763,0.208,0.067,0.212,0.277,0.237,0.53,0.709,0.464,0.506,0.429,0.377,0.335,0.787,0.0,0.0,0.307,0.459,6.0,0.0,0
63.0,Marc Gasol,25.0,MEM,C,69.0,69.0,2469.0,0.581,4.8,0.998,0.516,0.312,0.114,0.057,0.002,0.582,0.702,0.493,0.419,0.297,0.0,0.63,0.0,0.097,60.0,0.0,0.0,0.0,0.0,0
64.0,Carl Landry,26.0,2TM,PF,80.0,29.0,2469.0,0.536,7.6,0.997,0.438,0.213,0.139,0.207,0.003,0.537,0.694,0.409,0.434,0.404,0.333,0.562,1.0,0.09,82.0,0.667,0.5,0.0,0.0,6MOY-8
64.0,Carl Landry,26.0,HOU,PF,52.0,1.0,1415.0,0.547,6.0,1.0,0.504,0.23,0.125,0.141,0.0,0.547,0.683,0.449,0.406,0.346,0.0,0.566,0.0,0.096,51.0,0.0,0.0,0.0,0.0,0
64.0,Carl Landry,26.0,SAC,PF,28.0,28.0,1054.0,0.52,9.2,0.992,0.343,0.187,0.158,0.303,0.008,0.521,0.715,0.338,0.467,0.443,0.333,0.556,1.0,0.082,31.0,0.667,0.5,0.0,0.0,0
65.0,Marvin Williams,23.0,ATL,SF,81.0,81.0,2468.0,0.455,11.8,0.801,0.336,0.149,0.059,0.258,0.199,0.492,0.677,0.333,0.41,0.363,0.303,0.569,0.975,0.089,54.0,0.576,0.355,2.0,0.0,0
66.0,Al Jefferson,25.0,MIN,C,76.0,76.0,2463.0,0.498,7.8,0.996,0.313,0.299,0.288,0.097,0.004,0.5,0.679,0.503,0.358,0.33,0.0,0.448,0.0,0.038,39.0,0.0,0.0,2.0,0.0,0
67.0,Jamal Crawford,29.0,ATL,SG,79.0,0.0,2460.0,0.449,16.7,0.614,0.165,0.1,0.089,0.26,0.386,0.491,0.665,0.333,0.551,0.422,0.382,0.282,0.724,0.005,5.0,0.365,0.385,8.0,1.0,6MOY-1
68.0,Tim Duncan,33.0,SAS,C,78.0,77.0,2438.0,0.518,8.3,0.99,0.303,0.309,0.238,0.14,0.01,0.522,0.68,0.494,0.426,0.404,0.182,0.551,1.0,0.032,33.0,0.0,0.0,1.0,0.0,"DPOY-14,AS,NBA3,DEF2"
69.0,Grant Hill,37.0,PHO,SF,81.0,81.0,2430.0,0.478,11.1,0.886,0.307,0.11,0.22,0.249,0.114,0.483,0.588,0.403,0.471,0.4,0.438,0.555,1.0,0.031,17.0,0.788,0.429,1.0,1.0,0
70.0,Brandon Roy,25.0,POR,SG,65.0,65.0,2419.0,0.473,13.6,0.787,0.247,0.099,0.155,0.286,0.213,0.512,0.637,0.485,0.441,0.451,0.33,0.263,0.822,0.013,13.0,0.231,0.373,5.0,0.0,"AS,NBA3"
71.0,Paul Pierce,32.0,BOS,SF,71.0,71.0,2411.0,0.472,13.3,0.697,0.321,0.065,0.141,0.171,0.303,0.497,0.629,0.375,0.369,0.399,0.414,0.41,0.917,0.025,21.0,0.103,0.444,0.0,0.0,AS
72.0,Antawn Jamison,33.0,2TM,PF,66.0,64.0,2406.0,0.461,12.0,0.762,0.277,0.216,0.079,0.189,0.238,0.498,0.659,0.451,0.354,0.378,0.344,0.697,1.0,0.007,6.0,0.267,0.258,0.0,0.0,0
72.0,Antawn Jamison,33.0,WAS,PF,41.0,41.0,1595.0,0.45,12.5,0.76,0.249,0.223,0.096,0.193,0.24,0.483,0.649,0.442,0.358,0.378,0.345,0.665,1.0,0.003,2.0,0.238,0.3,0.0,0.0,0
72.0,Antawn Jamison,33.0,CLE,PF,25.0,23.0,811.0,0.485,11.5,0.765,0.336,0.202,0.045,0.182,0.235,0.529,0.673,0.471,0.333,0.377,0.342,0.757,1.0,0.015,4.0,0.329,0.192,0.0,0.0,0
73.0,Pau Gasol,29.0,LAL,C,65.0,65.0,2403.0,0.536,5.8,0.994,0.434,0.326,0.16,0.076,0.006,0.539,0.648,0.462,0.422,0.484,0.0,0.569,0.0,0.09,70.0,0.2,0.0,0.0,0.0,"AS,NBA3"
74.0,Shawn Marion,31.0,DAL,SF,75.0,75.0,2385.0,0.508,5.2,0.976,0.482,0.333,0.13,0.031,0.024,0.516,0.616,0.429,0.406,0.375,0.158,0.724,1.0,0.086,61.0,0.474,0.222,0.0,0.0,DPOY-13
75.0,Courtney Lee,24.0,NJN,SG,71.0,66.0,2375.0,0.436,13.9,0.71,0.275,0.065,0.133,0.237,0.29,0.476,0.61,0.22,0.388,0.44,0.338,0.492,0.974,0.026,17.0,0.511,0.365,3.0,1.0,0
76.0,Emeka Okafor,27.0,NOH,C,82.0,82.0,2370.0,0.53,4.2,1.0,0.57,0.271,0.137,0.021,0.0,0.53,0.652,0.382,0.356,0.286,0.0,0.675,0.0,0.145,85.0,0.0,0.0,0.0,0.0,0
77.0,Rashard Lewis,30.0,ORL,PF,72.0,72.0,2369.0,0.435,17.0,0.475,0.149,0.132,0.111,0.083,0.525,0.476,0.525,0.538,0.393,0.403,0.397,0.445,0.976,0.006,5.0,0.345,0.473,2.0,0.0,0
78.0,Mo Williams,27.0,CLE,PG,69.0,68.0,2359.0,0.442,18.2,0.566,0.117,0.071,0.095,0.283,0.434,0.452,0.52,0.475,0.506,0.401,0.429,0.26,0.748,0.001,0.0,0.291,0.481,3.0,1.0,0
79.0,Jason Thompson,23.0,SAC,C,75.0,58.0,2357.0,0.472,8.5,0.987,0.344,0.27,0.112,0.26,0.013,0.477,0.615,0.415,0.386,0.397,0.1,0.661,1.0,0.056,40.0,0.1,1.0,2.0,0.0,0
80.0,Brendan Haywood,30.0,2TM,C,77.0,67.0,2355.0,0.562,2.8,0.998,0.705,0.216,0.043,0.035,0.002,0.563,0.676,0.292,0.286,0.294,0.0,0.583,0.0,0.253,121.0,0.0,0.0,0.0,0.0,DPOY-17
80.0,Brendan Haywood,30.0,WAS,C,49.0,48.0,1614.0,0.561,3.0,1.0,0.69,0.224,0.051,0.036,0.0,0.561,0.697,0.253,0.294,0.25,0.0,0.532,0.0,0.257,83.0,0.0,0.0,0.0,0.0,0
80.0,Brendan Haywood,30.0,DAL,C,28.0,19.0,741.0,0.564,2.5,0.994,0.737,0.199,0.026,0.032,0.006,0.568,0.635,0.387,0.25,0.4,0.0,0.693,0.0,0.244,38.0,0.0,0.0,0.0,0.0,0
81.0,Thabo Sefolosha,25.0,OKC,SG,82.0,82.0,2348.0,0.44,12.5,0.703,0.351,0.061,0.082,0.211,0.297,0.494,0.619,0.333,0.306,0.398,0.313,0.641,0.976,0.054,23.0,0.489,0.328,0.0,0.0,"DPOY-8,DEF2"
82.0,Troy Murphy,29.0,IND,PF,72.0,69.0,2344.0,0.472,15.9,0.59,0.258,0.058,0.053,0.221,0.41,0.533,0.614,0.447,0.512,0.467,0.384,0.629,1.0,0.047,36.0,0.027,0.222,0.0,0.0,0
83.0,Jonny Flynn,20.0,MIN,PG,81.0,81.0,2339.0,0.417,12.4,0.774,0.296,0.145,0.106,0.227,0.226,0.434,0.543,0.384,0.356,0.361,0.358,0.169,0.597,0.015,8.0,0.191,0.39,0.0,0.0,ROY-5
84.0,Michael Beasley,21.0,MIA,PF,78.0,78.0,2328.0,0.45,11.6,0.902,0.285,0.144,0.154,0.319,0.098,0.469,0.652,0.42,0.306,0.407,0.275,0.514,1.0,0.072,69.0,0.402,0.317,1.0,0.0,0
85.0,Earl Watson,30.0,IND,PG,79.0,52.0,2322.0,0.426,13.3,0.649,0.309,0.16,0.063,0.116,0.351,0.5,0.611,0.464,0.333,0.344,0.288,0.271,0.868,0.002,1.0,0.217,0.25,2.0,0.0,0
86.0,Wilson Chandler,22.0,NYK,SG,65.0,64.0,2320.0,0.479,11.0,0.826,0.37,0.134,0.081,0.241,0.174,0.524,0.682,0.409,0.429,0.377,0.267,0.47,1.0,0.058,45.0,0.387,0.362,0.0,0.0,0
87.0,Marcus Camby,35.0,2TM,PF,74.0,74.0,2314.0,0.475,7.5,0.986,0.511,0.1,0.122,0.253,0.014,0.478,0.578,0.44,0.443,0.307,0.286,0.657,1.0,0.046,22.0,0.571,0.5,0.0,0.0,DPOY-10
87.0,Marcus Camby,35.0,LAC,PF,51.0,51.0,1596.0,0.466,7.5,0.983,0.511,0.101,0.121,0.25,0.017,0.469,0.593,0.417,0.442,0.247,0.333,0.659,1.0,0.042,15.0,0.667,0.5,0.0,0.0,0
87.0,Marcus Camby,35.0,POR,C,23.0,23.0,718.0,0.497,7.5,0.993,0.51,0.097,0.124,0.262,0.007,0.5,0.541,0.5,0.444,0.447,0.0,0.653,0.0,0.055,7.0,0.0,0.0,0.0,0.0,0
88.0,Vince Carter,33.0,ORL,SG,75.0,74.0,2310.0,0.428,14.7,0.681,0.244,0.092,0.14,0.205,0.319,0.456,0.552,0.409,0.38,0.413,0.367,0.225,0.782,0.03,28.0,0.191,0.355,3.0,0.0,0
89.0,Elton Brand,30.0,PHI,PF,76.0,57.0,2297.0,0.48,9.2,0.999,0.261,0.225,0.372,0.141,0.001,0.481,0.585,0.487,0.429,0.413,0.0,0.566,0.0,0.041,35.0,0.0,0.0,0.0,0.0,0
90.0,Anthony Parker,34.0,CLE,SG,81.0,81.0,2289.0,0.434,19.0,0.451,0.082,0.065,0.084,0.217,0.549,0.458,0.641,0.613,0.3,0.408,0.414,0.745,0.972,0.008,3.0,0.621,0.457,1.0,0.0,0
91.0,Carlos Delfino,27.0,MIL,SF,75.0,66.0,2279.0,0.408,17.1,0.501,0.216,0.056,0.038,0.191,0.499,0.45,0.557,0.317,0.393,0.379,0.367,0.558,0.933,0.023,15.0,0.395,0.458,1.0,0.0,0
92.0,Danny Granger,26.0,IND,SF,62.0,62.0,2278.0,0.428,15.4,0.615,0.237,0.097,0.097,0.184,0.385,0.471,0.604,0.409,0.405,0.367,0.361,0.376,0.905,0.014,14.0,0.1,0.432,1.0,0.0,0
93.0,Paul Millsap,24.0,UTA,PF,82.0,8.0,2277.0,0.538,7.1,0.987,0.494,0.131,0.159,0.203,0.013,0.543,0.661,0.394,0.395,0.469,0.111,0.721,0.0,0.067,42.0,0.111,0.0,0.0,0.0,6MOY-7
94.0,George Hill,23.0,SAS,PG,78.0,43.0,2276.0,0.478,12.7,0.745,0.325,0.093,0.1,0.226,0.255,0.505,0.65,0.333,0.351,0.437,0.399,0.406,0.96,0.016,12.0,0.787,0.446,2.0,0.0,0
95.0,Hedo TÃ¼rkoÄlu,30.0,TOR,SF,74.0,69.0,2272.0,0.409,16.6,0.571,0.231,0.062,0.091,0.187,0.429,0.436,0.532,0.452,0.344,0.357,0.374,0.31,0.787,0.025,14.0,0.104,0.467,7.0,0.0,0
96.0,Andray Blatche,23.0,WAS,PF,81.0,36.0,2256.0,0.478,9.7,0.956,0.345,0.194,0.159,0.257,0.044,0.487,0.623,0.423,0.409,0.401,0.295,0.527,0.846,0.053,51.0,0.432,0.421,1.0,0.0,0
97.0,Jarrett Jack,26.0,TOR,PG,82.0,43.0,2243.0,0.481,13.6,0.703,0.274,0.139,0.112,0.179,0.297,0.511,0.603,0.538,0.44,0.392,0.412,0.187,0.683,0.004,2.0,0.296,0.441,3.0,0.0,0
98.0,Jonas Jerebko,22.0,DET,PF,80.0,73.0,2232.0,0.481,8.4,0.809,0.534,0.146,0.046,0.083,0.191,0.52,0.612,0.307,0.429,0.36,0.313,0.646,1.0,0.061,33.0,0.243,0.25,2.0,0.0,0
99.0,Andrew Bogut,25.0,MIL,C,69.0,69.0,2229.0,0.52,4.3,0.998,0.447,0.468,0.069,0.013,0.002,0.521,0.634,0.437,0.333,0.667,0.0,0.524,0.0,0.076,61.0,0.0,0.0,1.0,0.0,"DPOY-7,NBA3"
100.0,Eric Gordon,21.0,LAC,SG,62.0,60.0,2229.0,0.449,14.3,0.591,0.353,0.069,0.032,0.136,0.409,0.503,0.596,0.444,0.2,0.364,0.371,0.528,0.899,0.031,21.0,0.097,0.419,2.0,0.0,0
101.0,Derek Fisher,35.0,LAL,PG,82.0,82.0,2227.0,0.38,18.4,0.599,0.133,0.048,0.052,0.366,0.401,0.401,0.378,0.333,0.448,0.412,0.348,0.53,0.91,0.0,0.0,0.321,0.403,0.0,0.0,0
102.0,Arron Afflalo,24.0,DEN,SG,82.0,75.0,2221.0,0.465,15.3,0.574,0.258,0.056,0.079,0.181,0.426,0.488,0.55,0.364,0.391,0.481,0.434,0.543,0.972,0.012,6.0,0.562,0.436,0.0,0.0,DPOY-17
103.0,Devin Harris,26.0,NJN,PG,64.0,61.0,2221.0,0.403,12.3,0.755,0.337,0.11,0.124,0.183,0.245,0.444,0.52,0.361,0.391,0.389,0.276,0.216,0.817,0.003,3.0,0.078,0.294,2.0,0.0,0
104.0,Ryan Gomes,27.0,MIN,SF,76.0,64.0,2210.0,0.447,15.5,0.728,0.169,0.094,0.149,0.316,0.272,0.475,0.54,0.362,0.45,0.485,0.372,0.664,0.986,0.003,2.0,0.241,0.417,3.0,0.0,0
105.0,Taj Gibson,24.0,CHI,PF,82.0,70.0,2204.0,0.494,7.3,1.0,0.475,0.13,0.191,0.203,0.0,0.494,0.582,0.463,0.408,0.391,0.0,0.656,0.0,0.126,70.0,0.0,0.0,0.0,0.0,ROY-5
106.0,Mike Bibby,31.0,ATL,PG,80.0,80.0,2195.0,0.416,20.2,0.497,0.07,0.033,0.045,0.349,0.503,0.444,0.533,0.619,0.276,0.431,0.389,0.655,0.952,0.0,0.0,0.238,0.351,0.0,0.0,0
107.0,Al Harrington,29.0,NYK,PF,72.0,15.0,2195.0,0.435,13.7,0.603,0.343,0.073,0.072,0.116,0.397,0.496,0.612,0.293,0.378,0.353,0.342,0.38,0.943,0.029,27.0,0.213,0.345,2.0,1.0,6MOY-11
108.0,Channing Frye,26.0,PHO,C,81.0,41.0,2190.0,0.451,19.7,0.442,0.102,0.077,0.033,0.23,0.558,0.466,0.611,0.481,0.261,0.426,0.439,0.69,0.965,0.034,20.0,0.105,0.634,1.0,0.0,0
109.0,Udonis Haslem,29.0,MIA,PF,78.0,0.0,2177.0,0.494,11.4,1.0,0.266,0.087,0.218,0.429,0.0,0.494,0.643,0.491,0.406,0.446,0.0,0.763,0.0,0.036,20.0,0.0,0.0,0.0,0.0,6MOY-9
110.0,Shane Battier,31.0,HOU,SG,67.0,62.0,2168.0,0.398,17.3,0.376,0.197,0.096,0.06,0.022,0.624,0.458,0.545,0.372,0.37,0.3,0.362,0.532,0.99,0.007,2.0,0.47,0.374,1.0,0.0,DPOY-15
111.0,Anderson VarejÃ£o,27.0,CLE,PF,76.0,7.0,2166.0,0.572,4.8,0.989,0.645,0.176,0.079,0.09,0.011,0.576,0.691,0.439,0.135,0.405,0.2,0.763,1.0,0.101,43.0,0.0,0.0,1.0,0.0,"DPOY-9,6MOY-3,DEF2"
112.0,Steve Blake,29.0,2TM,PG,80.0,38.0,2159.0,0.416,20.2,0.437,0.09,0.029,0.079,0.239,0.563,0.443,0.574,0.4,0.366,0.424,0.395,0.376,0.94,0.0,0.0,0.391,0.461,6.0,0.0,0
112.0,Steve Blake,29.0,POR,PG,51.0,28.0,1397.0,0.403,20.2,0.417,0.082,0.028,0.082,0.225,0.583,0.439,0.586,0.4,0.414,0.4,0.377,0.446,0.949,0.0,0.0,0.425,0.466,4.0,0.0,0
112.0,Steve Blake,29.0,LAC,PG,29.0,10.0,762.0,0.443,20.1,0.479,0.108,0.03,0.072,0.269,0.521,0.45,0.556,0.4,0.25,0.467,0.437,0.25,0.921,0.0,0.0,0.31,0.444,2.0,0.0,0
113.0,Kendrick Perkins,25.0,BOS,C,78.0,78.0,2154.0,0.602,3.8,0.994,0.594,0.312,0.073,0.015,0.006,0.605,0.739,0.448,0.237,0.375,0.0,0.678,0.0,0.119,60.0,0.0,0.0,1.0,0.0,DPOY-17
114.0,Manu GinÃ³bili,32.0,SAS,SG,75.0,21.0,2150.0,0.441,13.9,0.612,0.301,0.122,0.068,0.122,0.388,0.481,0.61,0.391,0.377,0.309,0.377,0.331,0.727,0.019,16.0,0.177,0.29,1.0,0.0,"MVP-11,6MOY-4"
115.0,Mehmet Okur,30.0,UTA,C,73.0,73.0,2149.0,0.458,12.6,0.725,0.321,0.124,0.098,0.181,0.275,0.486,0.582,0.385,0.447,0.407,0.385,0.626,0.963,0.041,27.0,0.141,0.367,0.0,0.0,0
116.0,Thaddeus Young,21.0,PHI,PF,67.0,45.0,2145.0,0.47,8.7,0.83,0.456,0.181,0.075,0.118,0.17,0.495,0.623,0.388,0.262,0.313,0.348,0.494,0.938,0.055,44.0,0.362,0.32,1.0,0.0,0
117.0,Samuel Dalembert,28.0,PHI,C,82.0,80.0,2124.0,0.545,5.0,1.0,0.549,0.207,0.161,0.084,0.0,0.545,0.662,0.417,0.369,0.432,0.0,0.663,0.0,0.22,108.0,0.0,0.0,0.0,0.0,0
118.0,Darren Collison,22.0,NOH,PG,76.0,37.0,2109.0,0.477,11.5,0.854,0.335,0.106,0.161,0.252,0.146,0.49,0.564,0.369,0.457,0.462,0.4,0.276,0.674,0.019,14.0,0.226,0.538,2.0,0.0,ROY-4
119.0,Matt Barnes,29.0,ORL,SF,81.0,58.0,2097.0,0.487,11.6,0.628,0.452,0.088,0.023,0.065,0.372,0.586,0.623,0.531,0.231,0.528,0.319,0.683,0.924,0.043,22.0,0.483,0.32,4.0,0.0,DPOY-17
120.0,Quentin Richardson,29.0,MIA,SF,76.0,75.0,2082.0,0.431,18.0,0.362,0.2,0.062,0.034,0.066,0.638,0.493,0.625,0.314,0.316,0.351,0.397,0.35,0.951,0.036,18.0,0.215,0.494,0.0,0.0,0
121.0,J.R. Smith,24.0,DEN,SG,75.0,0.0,2082.0,0.414,17.3,0.548,0.183,0.11,0.071,0.184,0.452,0.477,0.646,0.447,0.342,0.379,0.338,0.363,0.778,0.036,35.0,0.113,0.491,10.0,0.0,6MOY-5
122.0,Corey Maggette,30.0,GSW,PF,70.0,49.0,2081.0,0.516,10.1,0.944,0.409,0.113,0.091,0.331,0.056,0.531,0.685,0.33,0.383,0.451,0.26,0.577,1.0,0.053,45.0,0.32,0.375,2.0,0.0,0
123.0,Al Thornton,26.0,2TM,SF,75.0,46.0,2079.0,0.473,10.6,0.954,0.374,0.095,0.161,0.324,0.046,0.479,0.652,0.375,0.349,0.374,0.355,0.621,0.636,0.056,35.0,0.065,0.5,1.0,0.0,0
123.0,Al Thornton,26.0,LAC,SF,51.0,30.0,1405.0,0.478,9.7,0.97,0.396,0.098,0.163,0.313,0.03,0.482,0.648,0.444,0.333,0.361,0.357,0.637,1.0,0.061,25.0,0.143,0.5,1.0,0.0,0
123.0,Al Thornton,26.0,WAS,SF,24.0,16.0,674.0,0.463,11.6,0.921,0.329,0.088,0.157,0.347,0.079,0.472,0.662,0.211,0.382,0.4,0.353,0.585,0.333,0.046,10.0,0.0,0.0,0.0,0.0,0
124.0,Chris Duhon,27.0,NYK,PG,67.0,59.0,2072.0,0.373,17.7,0.428,0.224,0.062,0.024,0.118,0.572,0.404,0.475,0.357,0.364,0.302,0.349,0.256,0.7,0.0,0.0,0.101,0.385,1.0,0.0,0
125.0,Kevin Garnett,33.0,BOS,PF,69.0,69.0,2060.0,0.521,11.2,0.994,0.278,0.177,0.141,0.396,0.006,0.523,0.67,0.489,0.404,0.477,0.2,0.823,0.0,0.074,51.0,0.2,1.0,0.0,0.0,AS
126.0,Roy Hibbert,23.0,IND,C,81.0,69.0,2035.0,0.495,6.9,0.992,0.38,0.352,0.129,0.132,0.008,0.495,0.609,0.451,0.416,0.359,0.5,0.503,1.0,0.065,45.0,0.667,0.5,0.0,0.0,0
127.0,Wesley Matthews,23.0,UTA,SG,82.0,48.0,2025.0,0.483,11.3,0.708,0.421,0.112,0.042,0.133,0.292,0.525,0.597,0.524,0.333,0.36,0.382,0.7,0.952,0.039,17.0,0.473,0.436,3.0,0.0,0
128.0,Anthony Morrow,24.0,GSW,SG,69.0,37.0,2018.0,0.468,17.1,0.563,0.139,0.094,0.148,0.182,0.437,0.477,0.531,0.515,0.481,0.414,0.456,0.434,0.957,0.004,2.0,0.3,0.457,0.0,0.0,0
129.0,Martell Webster,23.0,POR,SF,82.0,49.0,2005.0,0.405,16.9,0.48,0.236,0.034,0.033,0.177,0.52,0.44,0.57,0.227,0.333,0.327,0.373,0.704,0.976,0.07,37.0,0.416,0.391,1.0,0.0,0
130.0,Jared Dudley,24.0,PHO,SF,82.0,1.0,1991.0,0.459,15.9,0.465,0.271,0.065,0.033,0.096,0.535,0.461,0.511,0.281,0.375,0.468,0.458,0.676,0.992,0.01,5.0,0.462,0.463,2.0,0.0,6MOY-11
131.0,Jermaine O'Neal,31.0,MIA,C,70.0,70.0,1991.0,0.529,9.3,0.997,0.281,0.203,0.323,0.191,0.003,0.53,0.679,0.51,0.44,0.486,0.0,0.541,0.0,0.091,66.0,0.0,0.0,0.0,0.0,0
132.0,Kenyon Martin,32.0,DEN,PF,58.0,58.0,1986.0,0.456,9.4,0.953,0.36,0.224,0.1,0.269,0.047,0.465,0.632,0.439,0.323,0.317,0.276,0.676,0.75,0.127,75.0,0.207,0.0,1.0,0.0,DPOY-17
133.0,Andrew Bynum,22.0,LAL,C,65.0,65.0,1977.0,0.57,4.0,0.999,0.536,0.346,0.094,0.022,0.001,0.571,0.699,0.454,0.354,0.2,0.0,0.587,0.0,0.186,124.0,1.0,0.0,0.0,0.0,0
134.0,Ben Wallace,35.0,DET,C,69.0,67.0,1975.0,0.541,2.1,0.993,0.812,0.11,0.034,0.038,0.007,0.545,0.608,0.281,0.1,0.364,0.0,0.595,0.0,0.202,50.0,0.0,0.0,0.0,0.0,DPOY-17
135.0,Brad Miller,33.0,CHI,C,82.0,37.0,1950.0,0.43,12.6,0.773,0.312,0.112,0.074,0.275,0.227,0.474,0.58,0.446,0.442,0.375,0.28,0.638,1.0,0.012,7.0,0.242,0.25,0.0,0.0,0
136.0,Peja StojakoviÄ,32.0,NOH,SF,62.0,55.0,1947.0,0.404,18.5,0.488,0.147,0.038,0.087,0.217,0.512,0.435,0.525,0.462,0.367,0.396,0.375,0.644,0.924,0.001,1.0,0.173,0.393,0.0,0.0,0
137.0,Omri Casspi,21.0,SAC,SF,77.0,31.0,1931.0,0.446,13.0,0.698,0.274,0.201,0.057,0.167,0.302,0.48,0.658,0.319,0.474,0.384,0.369,0.564,0.92,0.048,29.0,0.271,0.509,2.0,0.0,0
138.0,Joakim Noah,24.0,CHI,C,64.0,54.0,1925.0,0.504,4.0,1.0,0.66,0.165,0.062,0.113,0.0,0.504,0.574,0.314,0.438,0.407,0.0,0.557,0.0,0.158,72.0,0.0,0.0,0.0,0.0,0
139.0,Lou Williams,23.0,PHI,PG,64.0,38.0,1912.0,0.47,12.5,0.696,0.362,0.1,0.081,0.152,0.304,0.527,0.629,0.441,0.345,0.437,0.34,0.335,0.886,0.024,16.0,0.257,0.377,3.0,0.0,0
140.0,Spencer Hawes,21.0,SAC,C,72.0,59.0,1904.0,0.468,9.5,0.869,0.371,0.231,0.072,0.195,0.131,0.494,0.607,0.442,0.313,0.408,0.299,0.587,1.0,0.083,46.0,0.172,0.333,0.0,0.0,0
141.0,Ersan Ä°lyasova,22.0,MIL,PF,81.0,31.0,1898.0,0.443,14.3,0.669,0.292,0.073,0.093,0.211,0.331,0.496,0.601,0.491,0.338,0.422,0.336,0.69,0.988,0.015,9.0,0.091,0.227,0.0,0.0,0
142.0,Dahntay Jones,29.0,IND,SF,76.0,26.0,1892.0,0.461,10.5,0.949,0.335,0.152,0.119,0.342,0.051,0.479,0.612,0.453,0.446,0.371,0.125,0.491,1.0,0.056,33.0,0.594,0.158,1.0,0.0,0
143.0,Marcus Thornton,22.0,NOH,SG,73.0,17.0,1872.0,0.451,13.4,0.646,0.361,0.061,0.074,0.149,0.354,0.493,0.592,0.463,0.338,0.341,0.374,0.548,0.846,0.022,16.0,0.173,0.537,3.0,0.0,6MOY-10
144.0,Luc Mbah a Moute,23.0,MIL,PF,73.0,62.0,1866.0,0.48,7.3,0.954,0.537,0.087,0.095,0.236,0.046,0.486,0.626,0.313,0.429,0.253,0.353,0.602,1.0,0.041,14.0,1.0,0.353,0.0,0.0,DPOY-17
145.0,Jameer Nelson,27.0,ORL,PG,65.0,64.0,1860.0,0.449,14.6,0.68,0.275,0.071,0.096,0.238,0.32,0.481,0.562,0.44,0.515,0.387,0.381,0.1,0.686,0.0,0.0,0.128,0.414,0.0,0.0,0
146.0,Charlie Villanueva,25.0,DET,PF,78.0,16.0,1848.0,0.439,14.3,0.659,0.212,0.162,0.164,0.121,0.341,0.484,0.64,0.44,0.412,0.37,0.351,0.519,0.96,0.042,32.0,0.241,0.324,2.0,0.0,0
147.0,JosÃ© CalderÃ³n,28.0,TOR,PG,68.0,39.0,1817.0,0.482,15.7,0.699,0.257,0.025,0.069,0.349,0.301,0.519,0.658,0.357,0.513,0.429,0.398,0.141,0.926,0.0,0.0,0.222,0.526,0.0,0.0,0
148.0,JJ Redick,25.0,ORL,SG,82.0,9.0,1808.0,0.439,18.4,0.505,0.159,0.036,0.054,0.255,0.495,0.473,0.602,0.6,0.433,0.383,0.405,0.47,0.811,0.0,0.0,0.219,0.55,0.0,0.0,0
149.0,Mario Chalmers,23.0,MIA,PG,73.0,22.0,1807.0,0.401,17.4,0.48,0.2,0.09,0.07,0.119,0.52,0.491,0.56,0.537,0.438,0.37,0.318,0.196,0.76,0.009,4.0,0.165,0.41,5.0,0.0,0
150.0,Mike Miller,29.0,WAS,SG,54.0,50.0,1805.0,0.501,15.1,0.605,0.293,0.065,0.021,0.226,0.395,0.515,0.669,0.321,0.333,0.388,0.48,0.556,0.89,0.012,5.0,0.246,0.595,0.0,0.0,0
151.0,Jared Jeffries,28.0,2TM,SF,70.0,37.0,1794.0,0.439,8.1,0.774,0.573,0.054,0.022,0.124,0.226,0.481,0.528,0.118,0.429,0.436,0.296,0.573,1.0,0.041,13.0,0.423,0.267,1.0,0.0,0
151.0,Jared Jeffries,28.0,NYK,PF,52.0,37.0,1462.0,0.443,9.7,0.73,0.552,0.039,0.017,0.122,0.27,0.488,0.52,0.222,0.75,0.393,0.323,0.573,1.0,0.052,12.0,0.419,0.308,1.0,0.0,0
151.0,Jared Jeffries,28.0,HOU,SF,18.0,0.0,332.0,0.429,6.5,0.893,0.631,0.095,0.036,0.131,0.107,0.467,0.547,0.0,0.0,0.545,0.111,0.571,1.0,0.012,1.0,0.444,0.0,0.0,0.0,0
152.0,C.J. Watson,25.0,GSW,PG,65.0,15.0,1788.0,0.468,15.1,0.725,0.231,0.078,0.089,0.328,0.275,0.527,0.689,0.39,0.468,0.462,0.31,0.455,0.933,0.004,2.0,0.4,0.293,1.0,0.0,0
153.0,Rasheed Wallace,35.0,BOS,C,79.0,13.0,1780.0,0.409,16.3,0.554,0.148,0.162,0.163,0.082,0.446,0.511,0.583,0.505,0.5,0.415,0.283,0.527,0.988,0.031,15.0,0.117,0.294,3.0,0.0,0
154.0,Chuck Hayes,26.0,HOU,C,82.0,82.0,1773.0,0.489,1.5,1.0,0.796,0.185,0.018,0.0,0.0,0.489,0.515,0.426,0.0,0.0,0.0,0.584,0.0,0.009,2.0,0.0,0.0,0.0,0.0,0
155.0,Jrue Holiday,19.0,PHI,PG,73.0,51.0,1767.0,0.442,13.7,0.694,0.285,0.123,0.098,0.188,0.306,0.465,0.547,0.438,0.49,0.347,0.39,0.292,0.661,0.017,7.0,0.208,0.455,3.0,0.0,0
156.0,Terrence Williams,22.0,NJN,SF,78.0,9.0,1764.0,0.401,10.9,0.846,0.366,0.135,0.132,0.215,0.154,0.417,0.555,0.477,0.267,0.236,0.31,0.326,0.871,0.077,43.0,0.27,0.519,6.0,2.0,0
157.0,Luke Ridnour,28.0,MIL,PG,82.0,0.0,1759.0,0.478,15.7,0.736,0.173,0.074,0.153,0.335,0.264,0.513,0.479,0.471,0.448,0.57,0.381,0.247,0.812,0.0,0.0,0.32,0.431,2.0,0.0,0
158.0,Drew Gooden,28.0,2TM,C,70.0,33.0,1755.0,0.478,7.1,0.987,0.467,0.214,0.115,0.191,0.013,0.483,0.548,0.473,0.29,0.452,0.125,0.547,1.0,0.061,36.0,0.125,0.0,2.0,0.0,0
158.0,Drew Gooden,28.0,DAL,C,46.0,11.0,1030.0,0.467,6.7,0.982,0.467,0.259,0.101,0.155,0.018,0.473,0.541,0.483,0.324,0.346,0.167,0.551,1.0,0.068,23.0,0.0,0.0,2.0,0.0,0
158.0,Drew Gooden,28.0,LAC,PF,24.0,22.0,725.0,0.492,7.6,0.992,0.466,0.158,0.132,0.237,0.008,0.496,0.556,0.452,0.257,0.54,0.0,0.542,0.0,0.053,13.0,0.5,0.0,0.0,0.0,0
159.0,Ronnie Brewer,24.0,2TM,SG,58.0,53.0,1742.0,0.487,11.4,0.928,0.517,0.023,0.054,0.333,0.072,0.505,0.649,0.2,0.174,0.357,0.258,0.731,1.0,0.161,64.0,0.065,0.5,1.0,0.0,0
159.0,Ronnie Brewer,24.0,UTA,SG,53.0,53.0,1662.0,0.495,9.3,0.925,0.524,0.024,0.055,0.322,0.075,0.514,0.651,0.2,0.174,0.373,0.258,0.727,1.0,0.166,64.0,0.065,0.5,1.0,0.0,0
159.0,Ronnie Brewer,24.0,MEM,SG,5.0,0.0,80.0,0.231,13.5,1.0,0.308,0.0,0.0,0.692,0.0,0.231,0.5,0.0,0.0,0.111,0.0,1.0,0.0,0.0,0.0,0.0,0.0,0.0,0.0,0
160.0,Nenad KrstiÄ,26.0,OKC,C,76.0,76.0,1741.0,0.502,11.4,0.991,0.3,0.098,0.125,0.468,0.009,0.505,0.649,0.455,0.386,0.454,0.2,0.821,1.0,0.057,29.0,0.6,0.333,0.0,0.0,0
161.0,James Harden,20.0,OKC,SG,76.0,0.0,1738.0,0.403,14.7,0.571,0.325,0.045,0.033,0.168,0.429,0.424,0.468,0.308,0.368,0.381,0.375,0.379,0.925,0.048,25.0,0.19,0.468,2.0,0.0,0
162.0,Ramon Sessions,23.0,MIN,PG,82.0,1.0,1732.0,0.456,8.2,0.973,0.414,0.198,0.155,0.205,0.027,0.467,0.543,0.391,0.419,0.421,0.067,0.369,1.0,0.022,12.0,0.0,0.0,1.0,0.0,0
163.0,James Posey,33.0,NOH,SF,77.0,2.0,1731.0,0.365,18.9,0.299,0.186,0.041,0.032,0.041,0.701,0.437,0.5,0.357,0.455,0.214,0.335,0.489,0.877,0.006,0.0,0.26,0.333,1.0,0.0,0
164.0,Chris Douglas-Roberts,23.0,NJN,SF,67.0,38.0,1730.0,0.445,9.1,0.906,0.44,0.119,0.124,0.223,0.094,0.464,0.556,0.324,0.338,0.43,0.259,0.539,0.786,0.042,23.0,0.667,0.278,1.0,0.0,0
165.0,Ben Gordon,26.0,DET,SG,62.0,17.0,1730.0,0.416,16.3,0.665,0.17,0.099,0.107,0.289,0.335,0.465,0.496,0.522,0.507,0.411,0.321,0.352,0.787,0.004,2.0,0.265,0.339,2.0,0.0,0
166.0,Tony Parker,27.0,SAS,PG,56.0,50.0,1728.0,0.487,10.0,0.953,0.372,0.158,0.098,0.325,0.047,0.497,0.647,0.478,0.386,0.369,0.294,0.271,0.9,0.0,0.0,0.5,0.412,0.0,0.0,0
167.0,Kevin Love,21.0,MIN,PF,60.0,22.0,1714.0,0.45,9.5,0.836,0.427,0.176,0.105,0.127,0.164,0.474,0.565,0.386,0.338,0.402,0.33,0.527,0.914,0.026,16.0,0.132,0.571,5.0,0.0,6MOY-11
168.0,Chris Paul,24.0,NOH,PG,45.0,45.0,1712.0,0.493,14.0,0.801,0.192,0.141,0.173,0.295,0.199,0.514,0.607,0.489,0.5,0.473,0.409,0.069,0.404,0.0,0.0,0.047,0.833,1.0,0.0,AS
169.0,Jason Williams,34.0,ORL,PG,82.0,18.0,1703.0,0.444,18.7,0.481,0.192,0.026,0.052,0.211,0.519,0.512,0.61,0.545,0.455,0.433,0.38,0.124,0.631,0.0,0.0,0.176,0.538,6.0,0.0,0
170.0,Shannon Brown,24.0,LAL,SG,82.0,7.0,1700.0,0.427,15.4,0.681,0.253,0.063,0.074,0.291,0.319,0.474,0.587,0.405,0.364,0.419,0.328,0.487,0.903,0.076,41.0,0.196,0.243,7.0,1.0,0
171.0,Chris Andersen,31.0,DEN,PF,76.0,0.0,1695.0,0.566,4.0,0.988,0.769,0.052,0.036,0.131,0.012,0.573,0.627,0.385,0.222,0.424,0.0,0.711,0.0,0.315,69.0,0.0,0.0,2.0,0.0,0
172.0,J.J. Hickson,21.0,CLE,PF,81.0,73.0,1691.0,0.554,5.1,0.998,0.638,0.149,0.075,0.136,0.002,0.555,0.691,0.436,0.256,0.211,0.0,0.775,0.0,0.257,117.0,0.0,0.0,1.0,0.0,0
173.0,MickaÃ«l PiÃ©trus,27.0,ORL,SF,75.0,24.0,1687.0,0.432,18.6,0.432,0.189,0.02,0.033,0.189,0.568,0.502,0.637,0.545,0.389,0.382,0.379,0.564,0.862,0.046,22.0,0.448,0.387,3.0,0.0,0
174.0,Andrei Kirilenko,28.0,UTA,SF,58.0,35.0,1681.0,0.506,11.0,0.815,0.454,0.056,0.023,0.282,0.185,0.555,0.712,0.111,0.455,0.397,0.292,0.729,1.0,0.156,73.0,0.169,0.333,0.0,0.0,DPOY-16
175.0,Ronald Murray,30.0,2TM,SG,75.0,2.0,1673.0,0.392,14.7,0.676,0.259,0.073,0.119,0.225,0.324,0.431,0.52,0.36,0.321,0.409,0.312,0.447,0.754,0.009,5.0,0.285,0.397,5.0,0.0,0
175.0,Ronald Murray,30.0,CHA,SG,46.0,1.0,993.0,0.389,14.6,0.681,0.253,0.083,0.124,0.221,0.319,0.425,0.471,0.353,0.333,0.451,0.313,0.412,0.683,0.007,3.0,0.275,0.361,3.0,0.0,0
175.0,Ronald Murray,30.0,CHI,SG,29.0,1.0,680.0,0.397,14.7,0.669,0.268,0.059,0.11,0.232,0.331,0.44,0.589,0.375,0.3,0.349,0.311,0.5,0.857,0.011,2.0,0.3,0.444,2.0,0.0,0
176.0,Randy Foye,26.0,WAS,PG,70.0,38.0,1667.0,0.414,17.2,0.706,0.107,0.118,0.092,0.389,0.294,0.442,0.636,0.26,0.439,0.444,0.346,0.166,0.587,0.002,1.0,0.143,0.385,4.0,0.0,0
177.0,Will Bynum,27.0,DET,PG,63.0,20.0,1667.0,0.444,11.2,0.897,0.358,0.11,0.116,0.313,0.103,0.47,0.602,0.288,0.339,0.431,0.218,0.178,0.833,0.006,3.0,0.418,0.261,3.0,0.0,0
178.0,DeMar DeRozan,20.0,TOR,SG,77.0,65.0,1664.0,0.498,9.1,0.969,0.449,0.123,0.084,0.313,0.031,0.506,0.622,0.492,0.465,0.356,0.25,0.673,1.0,0.107,49.0,0.625,0.4,2.0,0.0,0
179.0,Tayshaun Prince,29.0,DET,SF,49.0,49.0,1664.0,0.486,12.5,0.874,0.233,0.167,0.148,0.326,0.126,0.503,0.689,0.433,0.419,0.444,0.37,0.494,1.0,0.057,31.0,0.603,0.386,0.0,0.0,0
180.0,Yi Jianlian,22.0,NJN,PF,52.0,51.0,1655.0,0.403,11.8,0.927,0.288,0.147,0.11,0.382,0.073,0.406,0.506,0.277,0.419,0.377,0.366,0.675,0.867,0.075,35.0,0.073,0.0,0.0,0.0,0
181.0,Kyle Lowry,23.0,HOU,PG,68.0,0.0,1651.0,0.397,11.9,0.707,0.397,0.119,0.067,0.125,0.293,0.448,0.516,0.382,0.387,0.328,0.272,0.224,0.892,0.0,0.0,0.206,0.5,4.0,0.0,6MOY-11
182.0,Kevin Martin,26.0,2TM,SG,46.0,43.0,1633.0,0.417,15.0,0.697,0.215,0.094,0.107,0.281,0.303,0.453,0.564,0.462,0.351,0.405,0.333,0.543,0.843,0.022,14.0,0.233,0.449,0.0,0.0,0
182.0,Kevin Martin,26.0,SAC,SG,22.0,21.0,774.0,0.398,15.3,0.676,0.201,0.109,0.1,0.265,0.324,0.419,0.544,0.432,0.294,0.367,0.355,0.51,0.846,0.012,3.0,0.282,0.484,0.0,0.0,0
182.0,Kevin Martin,26.0,HOU,SG,24.0,22.0,859.0,0.435,14.8,0.718,0.229,0.079,0.113,0.297,0.282,0.484,0.58,0.5,0.4,0.438,0.31,0.569,0.839,0.031,11.0,0.18,0.389,0.0,0.0,0
183.0,Juwan Howard,36.0,POR,C,73.0,27.0,1632.0,0.509,10.4,0.997,0.243,0.208,0.235,0.312,0.003,0.511,0.648,0.423,0.489,0.479,0.0,0.717,0.0,0.027,7.0,1.0,0.0,0.0,0.0,0
184.0,DontÃ© Greene,21.0,SAC,SF,76.0,50.0,1630.0,0.441,13.1,0.669,0.288,0.156,0.089,0.137,0.331,0.473,0.591,0.349,0.449,0.382,0.377,0.543,0.986,0.076,40.0,0.186,0.294,0.0,0.0,0
185.0,Antonio McDyess,35.0,SAS,PF,77.0,50.0,1617.0,0.479,13.3,0.995,0.229,0.035,0.173,0.558,0.005,0.481,0.684,0.333,0.351,0.448,0.0,0.854,0.0,0.037,14.0,0.0,0.0,0.0,0.0,0
186.0,Charlie Bell,30.0,MIL,SG,71.0,39.0,1611.0,0.381,17.3,0.549,0.185,0.032,0.074,0.257,0.451,0.395,0.476,0.214,0.394,0.36,0.365,0.615,0.945,0.002,0.0,0.525,0.41,1.0,0.0,0
187.0,Damien Wilkins,30.0,MIN,SF,80.0,31.0,1585.0,0.433,12.2,0.84,0.302,0.123,0.16,0.255,0.16,0.459,0.635,0.319,0.393,0.361,0.295,0.537,0.722,0.052,18.0,0.426,0.192,3.0,1.0,0
188.0,Carlos Arroyo,30.0,MIA,PG,72.0,35.0,1585.0,0.475,16.0,0.933,0.115,0.032,0.173,0.613,0.067,0.489,0.488,0.417,0.554,0.474,0.28,0.368,0.714,0.0,0.0,0.6,0.2,0.0,0.0,0
189.0,Keith Bogans,29.0,SAS,SF,79.0,50.0,1559.0,0.403,17.5,0.342,0.242,0.05,0.02,0.03,0.658,0.49,0.597,0.2,0.333,0.222,0.357,0.54,0.971,0.0,0.0,0.561,0.364,2.0,0.0,0
190.0,Nick Collison,29.0,OKC,C,75.0,5.0,1557.0,0.589,4.8,0.987,0.65,0.142,0.058,0.136,0.013,0.593,0.677,0.455,0.389,0.429,0.25,0.652,1.0,0.117,35.0,0.25,0.0,1.0,0.0,0
191.0,Hakim Warrick,27.0,2TM,PF,76.0,6.0,1557.0,0.482,8.1,0.987,0.451,0.102,0.167,0.267,0.013,0.486,0.617,0.393,0.37,0.374,0.143,0.621,1.0,0.169,88.0,0.286,0.5,0.0,0.0,0
191.0,Hakim Warrick,27.0,MIL,PF,48.0,6.0,1024.0,0.481,8.5,0.984,0.442,0.103,0.161,0.278,0.016,0.487,0.617,0.41,0.344,0.39,0.167,0.624,1.0,0.164,59.0,0.333,0.5,0.0,0.0,0
191.0,Hakim Warrick,27.0,CHI,PF,28.0,0.0,533.0,0.483,7.8,0.994,0.471,0.099,0.18,0.244,0.006,0.485,0.617,0.353,0.419,0.333,0.0,0.614,0.0,0.18,29.0,0.0,0.0,0.0,0.0,0
192.0,Willie Green,28.0,PHI,SG,73.0,18.0,1553.0,0.457,16.1,0.75,0.173,0.076,0.122,0.379,0.25,0.494,0.574,0.512,0.424,0.476,0.346,0.463,0.915,0.009,5.0,0.257,0.429,4.0,1.0,0
193.0,Richard Hamilton,31.0,DET,SG,46.0,46.0,1552.0,0.409,15.7,0.808,0.103,0.068,0.28,0.356,0.192,0.435,0.541,0.408,0.438,0.408,0.297,0.683,0.854,0.003,1.0,0.449,0.339,1.0,0.0,0
194.0,Jason Maxiell,26.0,DET,C,76.0,29.0,1550.0,0.511,8.0,0.998,0.414,0.147,0.214,0.222,0.002,0.512,0.663,0.475,0.427,0.337,0.0,0.656,0.0,0.147,54.0,0.0,0.0,0.0,0.0,0
195.0,J.J. Barea,25.0,DAL,PG,78.0,18.0,1546.0,0.44,12.7,0.702,0.324,0.129,0.095,0.154,0.298,0.476,0.55,0.294,0.48,0.469,0.357,0.142,0.554,0.0,0.0,0.134,0.381,0.0,0.0,0
196.0,Roger Mason,29.0,SAS,SG,79.0,5.0,1515.0,0.389,20.2,0.468,0.087,0.016,0.046,0.319,0.532,0.453,0.535,0.25,0.304,0.462,0.333,0.514,0.807,0.004,1.0,0.33,0.379,0.0,0.0,0
197.0,Delonte West,26.0,CLE,SG,60.0,3.0,1500.0,0.445,11.4,0.823,0.321,0.126,0.211,0.165,0.177,0.471,0.55,0.418,0.391,0.458,0.325,0.331,0.8,0.032,13.0,0.351,0.296,1.0,0.0,0
198.0,C.J. Miles,22.0,UTA,SF,63.0,28.0,1497.0,0.429,15.2,0.614,0.26,0.075,0.075,0.205,0.386,0.484,0.644,0.381,0.333,0.374,0.341,0.593,0.919,0.057,26.0,0.171,0.378,1.0,0.0,0
199.0,Dorell Wright,24.0,MIA,SF,72.0,1.0,1496.0,0.463,15.3,0.625,0.248,0.055,0.064,0.258,0.375,0.508,0.731,0.435,0.407,0.333,0.389,0.571,0.984,0.086,33.0,0.618,0.412,1.0,0.0,0
200.0,DeJuan Blair,20.0,SAS,PF,82.0,23.0,1494.0,0.556,2.9,0.996,0.707,0.22,0.059,0.01,0.004,0.558,0.626,0.367,0.483,0.4,0.0,0.596,0.0,0.069,31.0,0.0,0.0,1.0,0.0,0
201.0,Chase Budinger,21.0,HOU,SF,74.0,4.0,1488.0,0.441,15.2,0.559,0.283,0.057,0.057,0.163,0.441,0.497,0.588,0.344,0.313,0.457,0.369,0.764,0.946,0.051,27.0,0.313,0.385,1.0,0.0,0
202.0,Mike Dunleavy,29.0,IND,SF,67.0,15.0,1486.0,0.41,16.9,0.577,0.206,0.079,0.057,0.235,0.423,0.478,0.652,0.409,0.5,0.344,0.318,0.714,0.987,0.004,2.0,0.191,0.267,2.0,0.0,0
203.0,AndrÃ©s Nocioni,30.0,SAC,SF,75.0,28.0,1477.0,0.399,15.4,0.576,0.211,0.143,0.055,0.167,0.424,0.408,0.508,0.345,0.375,0.347,0.386,0.529,0.99,0.005,3.0,0.229,0.404,0.0,0.0,0
204.0,Jordan Farmar,23.0,LAL,PG,82.0,0.0,1474.0,0.435,15.9,0.555,0.26,0.047,0.089,0.159,0.445,0.483,0.59,0.458,0.304,0.415,0.376,0.486,0.756,0.021,10.0,0.188,0.419,1.0,0.0,0
205.0,D.J. Augustin,22.0,CHA,PG,80.0,2.0,1472.0,0.386,15.6,0.591,0.283,0.06,0.076,0.172,0.409,0.381,0.415,0.423,0.364,0.32,0.393,0.286,0.829,0.0,0.0,0.208,0.459,5.0,0.0,0
206.0,Amir Johnson,22.0,TOR,PF,82.0,5.0,1453.0,0.623,4.3,0.988,0.659,0.225,0.024,0.081,0.012,0.63,0.732,0.413,0.375,0.481,0.0,0.678,0.0,0.153,49.0,0.25,0.0,3.0,0.0,0
207.0,Goran DragiÄ,23.0,PHO,PG,80.0,2.0,1442.0,0.452,14.6,0.617,0.283,0.077,0.108,0.149,0.383,0.488,0.612,0.421,0.396,0.356,0.394,0.264,0.662,0.014,6.0,0.16,0.467,2.0,0.0,0
208.0,Rudy FernÃ¡ndez,24.0,POR,SG,62.0,2.0,1441.0,0.378,19.6,0.371,0.106,0.059,0.085,0.121,0.629,0.395,0.622,0.44,0.222,0.294,0.368,0.597,0.827,0.009,4.0,0.252,0.313,1.0,0.0,0
209.0,Anthony Tolliver,24.0,2TM,PF,46.0,29.0,1427.0,0.43,19.6,0.661,0.254,0.089,0.067,0.252,0.339,0.481,0.667,0.425,0.2,0.389,0.329,0.797,1.0,0.06,26.0,0.296,0.356,0.0,0.0,0
209.0,Anthony Tolliver,24.0,POR,PF,2.0,0.0,4.0,0.0,24.3,0.0,0.0,0.0,0.0,0.0,1.0,0.0,0.0,0.0,0.0,0.0,0.0,0.0,0.0,0.0,0.0,0.0,0.0,0.0,0.0,0
209.0,Anthony Tolliver,24.0,GSW,PF,44.0,29.0,1423.0,0.431,15.0,0.663,0.254,0.089,0.067,0.252,0.337,0.481,0.667,0.425,0.2,0.389,0.331,0.797,1.0,0.06,26.0,0.298,0.356,0.0,0.0,0
210.0,Nick Young,24.0,WAS,SG,74.0,23.0,1421.0,0.418,16.2,0.695,0.149,0.084,0.145,0.317,0.305,0.423,0.554,0.277,0.358,0.429,0.406,0.512,0.942,0.014,6.0,0.365,0.435,1.0,0.0,0
211.0,Rafer Alston,33.0,2TM,PG,52.0,38.0,1421.0,0.348,15.0,0.623,0.233,0.168,0.049,0.173,0.377,0.349,0.404,0.373,0.318,0.26,0.345,0.124,0.828,0.0,0.0,0.19,0.406,1.0,0.0,0
211.0,Rafer Alston,33.0,NJN,PG,27.0,13.0,766.0,0.343,13.8,0.686,0.245,0.188,0.058,0.195,0.314,0.353,0.412,0.385,0.375,0.241,0.322,0.104,0.75,0.0,0.0,0.138,0.167,1.0,0.0,0
211.0,Rafer Alston,33.0,MIA,PG,25.0,25.0,655.0,0.355,16.2,0.521,0.213,0.136,0.036,0.136,0.479,0.341,0.389,0.348,0.167,0.304,0.37,0.167,0.9,0.0,0.0,0.247,0.55,0.0,0.0,0
212.0,Darius Songaila,31.0,NOH,C,75.0,1.0,1410.0,0.494,12.1,0.988,0.275,0.117,0.125,0.471,0.012,0.498,0.642,0.491,0.393,0.443,0.167,0.808,1.0,0.002,0.0,0.167,0.0,0.0,0.0,0
213.0,Antoine Wright,25.0,TOR,SF,67.0,10.0,1392.0,0.406,16.1,0.566,0.248,0.083,0.058,0.178,0.434,0.46,0.566,0.242,0.348,0.451,0.335,0.365,0.897,0.02,5.0,0.491,0.424,5.0,1.0,0
214.0,Wayne Ellington,22.0,MIN,SG,76.0,1.0,1384.0,0.424,16.4,0.638,0.196,0.078,0.063,0.301,0.362,0.441,0.648,0.457,0.357,0.319,0.395,0.484,0.797,0.013,6.0,0.253,0.463,1.0,0.0,0
215.0,Sonny Weems,23.0,TOR,SG,69.0,19.0,1368.0,0.515,11.7,0.967,0.297,0.129,0.144,0.397,0.033,0.528,0.669,0.508,0.394,0.478,0.133,0.654,0.5,0.096,39.0,0.133,0.0,2.0,0.0,0
216.0,Zydrunas Ilgauskas,34.0,CLE,C,64.0,6.0,1339.0,0.443,12.1,0.947,0.313,0.1,0.066,0.468,0.053,0.441,0.62,0.364,0.276,0.361,0.478,0.705,1.0,0.027,11.0,0.957,0.455,0.0,0.0,0
217.0,Serge Ibaka,20.0,OKC,PF,73.0,0.0,1323.0,0.543,6.3,0.995,0.468,0.219,0.168,0.141,0.005,0.543,0.624,0.531,0.452,0.404,0.5,0.65,1.0,0.159,51.0,0.5,1.0,0.0,0.0,0
218.0,Joel Anthony,27.0,MIA,C,80.0,16.0,1322.0,0.478,3.0,1.0,0.604,0.352,0.038,0.006,0.0,0.478,0.51,0.429,0.5,0.0,0.0,0.632,0.0,0.214,25.0,0.0,0.0,0.0,0.0,0
219.0,Sam Young,24.0,MEM,SF,80.0,1.0,1321.0,0.451,9.1,0.887,0.441,0.151,0.072,0.223,0.113,0.483,0.598,0.387,0.333,0.369,0.196,0.39,0.818,0.08,32.0,0.321,0.222,0.0,0.0,0
220.0,Ty Lawson,22.0,DEN,PG,65.0,8.0,1318.0,0.515,10.0,0.787,0.454,0.123,0.067,0.144,0.213,0.544,0.605,0.354,0.577,0.5,0.41,0.228,0.971,0.003,1.0,0.193,0.5,1.0,0.0,0
221.0,Maurice Evans,31.0,ATL,SF,79.0,5.0,1317.0,0.445,14.5,0.57,0.303,0.033,0.099,0.135,0.43,0.527,0.622,0.615,0.359,0.415,0.337,0.576,0.912,0.102,38.0,0.544,0.326,0.0,0.0,0
222.0,Jerryd Bayless,21.0,POR,SG,74.0,11.0,1304.0,0.414,12.6,0.81,0.36,0.054,0.07,0.325,0.19,0.437,0.54,0.192,0.265,0.401,0.315,0.292,0.931,0.025,10.0,0.543,0.3,1.0,0.0,0
223.0,Erick Dampier,34.0,DAL,C,55.0,47.0,1280.0,0.624,2.1,0.986,0.808,0.131,0.038,0.009,0.014,0.629,0.651,0.536,0.625,0.0,0.333,0.644,1.0,0.169,32.0,0.333,1.0,1.0,0.0,0
224.0,Eric Maynor,22.0,2TM,PG,81.0,2.0,1269.0,0.418,11.4,0.807,0.223,0.323,0.106,0.155,0.193,0.444,0.463,0.412,0.513,0.439,0.31,0.144,0.818,0.0,0.0,0.07,0.2,1.0,0.0,0
224.0,Eric Maynor,22.0,UTA,PG,26.0,2.0,363.0,0.391,10.7,0.82,0.278,0.331,0.105,0.105,0.18,0.431,0.432,0.432,0.5,0.357,0.208,0.191,1.0,0.0,0.0,0.0,0.0,1.0,0.0,0
224.0,Eric Maynor,22.0,OKC,PG,55.0,0.0,906.0,0.434,12.1,0.8,0.191,0.319,0.106,0.183,0.2,0.452,0.489,0.4,0.52,0.465,0.362,0.118,0.765,0.0,0.0,0.106,0.2,0.0,0.0,0
225.0,Shaquille O'Neal,37.0,CLE,C,53.0,53.0,1240.0,0.566,3.4,0.998,0.583,0.359,0.05,0.006,0.002,0.567,0.663,0.434,0.478,0.0,0.0,0.565,0.0,0.177,76.0,0.0,0.0,0.0,0.0,0
226.0,Craig Smith,26.0,LAC,PF,75.0,2.0,1232.0,0.569,3.2,0.987,0.7,0.181,0.048,0.058,0.013,0.574,0.64,0.5,0.316,0.217,0.2,0.658,1.0,0.048,19.0,0.4,0.5,0.0,0.0,0
227.0,Ryan Hollins,25.0,MIN,C,73.0,27.0,1223.0,0.558,6.9,0.997,0.465,0.172,0.182,0.178,0.003,0.56,0.716,0.423,0.473,0.37,0.0,0.639,0.0,0.208,60.0,0.0,0.0,0.0,0.0,0
228.0,Kris Humphries,24.0,2TM,PF,69.0,0.0,1221.0,0.441,8.0,0.998,0.424,0.118,0.199,0.257,0.002,0.442,0.555,0.292,0.346,0.4,0.0,0.639,0.0,0.098,38.0,0.0,0.0,0.0,0.0,0
228.0,Kris Humphries,24.0,DAL,PF,25.0,0.0,315.0,0.461,7.3,1.0,0.522,0.07,0.139,0.27,0.0,0.461,0.567,0.375,0.25,0.387,0.0,0.679,0.0,0.13,14.0,0.0,0.0,0.0,0.0,0
228.0,Kris Humphries,24.0,NJN,PF,44.0,0.0,906.0,0.433,8.8,0.997,0.386,0.137,0.222,0.253,0.003,0.435,0.549,0.275,0.369,0.405,0.0,0.622,0.0,0.085,24.0,0.0,0.0,0.0,0.0,0
229.0,Tyrus Thomas,23.0,2TM,C,54.0,3.0,1220.0,0.462,8.2,0.993,0.433,0.14,0.136,0.283,0.007,0.465,0.56,0.271,0.404,0.445,0.0,0.665,0.0,0.136,51.0,0.333,0.0,0.0,0.0,0
229.0,Tyrus Thomas,23.0,CHI,PF,29.0,3.0,678.0,0.483,8.3,0.995,0.444,0.146,0.093,0.312,0.005,0.485,0.582,0.3,0.368,0.469,0.0,0.727,0.0,0.137,26.0,0.0,0.0,0.0,0.0,0
229.0,Tyrus Thomas,23.0,CHA,C,25.0,0.0,542.0,0.442,8.2,0.991,0.423,0.135,0.177,0.256,0.009,0.446,0.538,0.241,0.421,0.418,0.0,0.6,0.0,0.135,25.0,0.5,0.0,0.0,0.0,0
230.0,Eddie House,31.0,2TM,PG,68.0,0.0,1217.0,0.38,20.4,0.501,0.075,0.013,0.033,0.38,0.499,0.412,0.5,0.333,0.267,0.41,0.348,0.681,0.873,0.0,0.0,0.225,0.353,0.0,0.0,0
230.0,Eddie House,31.0,BOS,PG,50.0,0.0,846.0,0.401,21.2,0.481,0.056,0.016,0.031,0.379,0.519,0.419,0.5,0.4,0.4,0.41,0.383,0.8,0.922,0.0,0.0,0.251,0.357,0.0,0.0,0
230.0,Eddie House,31.0,NYK,SG,18.0,0.0,371.0,0.331,19.5,0.549,0.12,0.008,0.038,0.383,0.451,0.397,0.5,0.0,0.0,0.412,0.25,0.414,0.667,0.0,0.0,0.15,0.333,0.0,0.0,0
231.0,T.J. Ford,26.0,IND,PG,47.0,32.0,1189.0,0.445,11.6,0.88,0.316,0.105,0.184,0.275,0.12,0.484,0.545,0.5,0.416,0.452,0.16,0.197,0.625,0.002,1.0,0.34,0.118,2.0,0.0,0
232.0,Gilbert Arenas,28.0,WAS,PG,32.0,32.0,1169.0,0.411,15.6,0.706,0.203,0.11,0.093,0.3,0.294,0.437,0.528,0.353,0.421,0.411,0.348,0.163,0.508,0.003,1.0,0.066,0.25,1.0,0.0,0
233.0,Lou Amundson,27.0,PHO,PF,79.0,0.0,1168.0,0.551,3.1,0.996,0.725,0.159,0.072,0.04,0.004,0.553,0.595,0.455,0.45,0.364,0.0,0.697,0.0,0.149,39.0,0.0,0.0,1.0,0.0,0
234.0,Tyson Chandler,27.0,CHA,C,51.0,27.0,1163.0,0.574,1.9,1.0,0.816,0.116,0.032,0.037,0.0,0.574,0.645,0.318,0.0,0.286,0.0,0.606,0.0,0.347,56.0,0.0,0.0,0.0,0.0,0
235.0,Matt Bonner,29.0,SAS,PF,65.0,8.0,1161.0,0.446,18.7,0.379,0.081,0.164,0.062,0.073,0.621,0.539,0.667,0.525,0.478,0.481,0.39,0.5,0.989,0.008,3.0,0.121,0.393,0.0,0.0,0
236.0,DeAndre Jordan,21.0,LAC,C,70.0,12.0,1137.0,0.605,1.4,0.992,0.861,0.088,0.034,0.008,0.008,0.61,0.639,0.524,0.25,0.0,0.0,0.66,0.0,0.437,93.0,0.0,0.0,0.0,0.0,0
237.0,Marco Belinelli,23.0,TOR,SG,66.0,1.0,1121.0,0.406,17.2,0.583,0.227,0.079,0.029,0.248,0.417,0.425,0.558,0.333,0.273,0.351,0.38,0.66,0.717,0.018,7.0,0.342,0.426,8.0,0.0,0
238.0,Earl Boykins,33.0,WAS,PG,67.0,1.0,1117.0,0.427,14.1,0.851,0.124,0.146,0.256,0.323,0.149,0.446,0.64,0.407,0.495,0.354,0.317,0.17,0.737,0.0,0.0,0.233,0.214,0.0,0.0,0
239.0,Larry Hughes,31.0,2TM,SG,45.0,16.0,1115.0,0.355,16.6,0.64,0.207,0.067,0.096,0.269,0.36,0.381,0.513,0.346,0.297,0.317,0.309,0.404,0.977,0.005,2.0,0.309,0.442,1.0,0.0,0
239.0,Larry Hughes,31.0,NYK,SG,31.0,14.0,820.0,0.366,15.5,0.652,0.229,0.068,0.1,0.254,0.348,0.407,0.531,0.368,0.25,0.366,0.289,0.297,0.964,0.004,1.0,0.268,0.385,0.0,0.0,0
239.0,Larry Hughes,31.0,CHA,SG,14.0,2.0,295.0,0.327,17.7,0.607,0.15,0.065,0.084,0.308,0.393,0.308,0.438,0.286,0.444,0.212,0.357,0.8,1.0,0.009,1.0,0.405,0.529,1.0,0.0,0
240.0,Nate Robinson,25.0,2TM,PG,56.0,2.0,1115.0,0.436,17.5,0.548,0.217,0.059,0.061,0.211,0.452,0.474,0.495,0.414,0.467,0.471,0.39,0.344,0.667,0.008,4.0,0.099,0.409,2.0,0.0,0
240.0,Nate Robinson,25.0,NYK,PG,30.0,2.0,733.0,0.452,16.2,0.595,0.244,0.071,0.045,0.235,0.405,0.505,0.537,0.417,0.6,0.481,0.375,0.307,0.725,0.009,3.0,0.103,0.357,2.0,0.0,0
240.0,Nate Robinson,25.0,BOS,PG,26.0,0.0,382.0,0.401,18.8,0.446,0.159,0.032,0.096,0.159,0.554,0.386,0.36,0.4,0.333,0.44,0.414,0.481,0.583,0.006,1.0,0.092,0.5,0.0,0.0,0
241.0,Trenton Hassell,30.0,NJN,SF,52.0,31.0,1106.0,0.411,11.4,0.977,0.329,0.091,0.078,0.479,0.023,0.421,0.583,0.2,0.294,0.371,0.0,0.578,0.0,0.014,3.0,0.2,0.0,0.0,0.0,0
242.0,Zaza Pachulia,25.0,ATL,C,78.0,1.0,1089.0,0.488,6.2,0.984,0.614,0.122,0.093,0.154,0.016,0.496,0.55,0.3,0.348,0.526,0.0,0.667,0.0,0.053,11.0,0.0,0.0,3.0,0.0,0
243.0,Marcin Gortat,25.0,ORL,C,81.0,0.0,1088.0,0.533,4.1,0.987,0.604,0.238,0.115,0.031,0.013,0.54,0.635,0.519,0.154,0.286,0.0,0.793,0.0,0.141,31.0,0.0,0.0,0.0,0.0,0
244.0,Toney Douglas,23.0,NYK,PG,56.0,12.0,1087.0,0.458,15.6,0.552,0.289,0.056,0.064,0.143,0.448,0.514,0.575,0.5,0.44,0.429,0.389,0.315,0.588,0.005,2.0,0.189,0.485,3.0,0.0,0
245.0,Daniel Gibson,23.0,CLE,PG,56.0,10.0,1068.0,0.466,19.3,0.444,0.116,0.063,0.049,0.216,0.556,0.454,0.548,0.412,0.538,0.397,0.477,0.556,0.944,0.0,0.0,0.322,0.417,0.0,0.0,0
246.0,Devin Brown,31.0,2TM,SG,50.0,37.0,1060.0,0.377,16.2,0.546,0.28,0.08,0.053,0.133,0.454,0.396,0.554,0.276,0.105,0.25,0.354,0.551,0.862,0.014,5.0,0.159,0.385,0.0,0.0,0
246.0,Devin Brown,31.0,NOH,SG,39.0,37.0,967.0,0.394,15.1,0.548,0.286,0.089,0.046,0.126,0.452,0.416,0.559,0.276,0.133,0.293,0.367,0.554,0.87,0.015,5.0,0.15,0.455,0.0,0.0,0
246.0,Devin Brown,31.0,CHI,SG,11.0,0.0,93.0,0.222,17.2,0.528,0.222,0.0,0.111,0.194,0.472,0.211,0.5,0.0,0.0,0.0,0.235,0.5,0.75,0.0,0.0,0.235,0.0,0.0,0.0,0
247.0,Jamario Moon,29.0,CLE,SF,61.0,2.0,1052.0,0.462,15.4,0.595,0.287,0.016,0.057,0.235,0.405,0.558,0.732,0.0,0.429,0.414,0.32,0.744,0.969,0.154,36.0,0.43,0.279,0.0,0.0,0
248.0,Kurt Thomas,37.0,MIL,C,70.0,9.0,1049.0,0.476,12.1,1.0,0.212,0.115,0.216,0.457,0.0,0.476,0.523,0.5,0.467,0.453,0.0,0.879,0.0,0.0,0.0,0.0,0.0,0.0,0.0,0
249.0,Sergio RodrÃ­guez,23.0,2TM,PG,66.0,8.0,1048.0,0.476,11.0,0.741,0.405,0.137,0.063,0.137,0.259,0.519,0.592,0.458,0.364,0.438,0.352,0.185,0.875,0.0,0.0,0.22,0.55,0.0,0.0,0
249.0,Sergio RodrÃ­guez,23.0,SAC,PG,39.0,0.0,517.0,0.463,10.3,0.779,0.395,0.174,0.074,0.137,0.221,0.493,0.573,0.424,0.357,0.423,0.357,0.178,0.933,0.0,0.0,0.238,0.7,0.0,0.0,0
249.0,Sergio RodrÃ­guez,23.0,NYK,PG,27.0,8.0,531.0,0.491,11.8,0.696,0.416,0.093,0.05,0.137,0.304,0.554,0.612,0.533,0.375,0.455,0.347,0.194,0.824,0.0,0.0,0.204,0.4,0.0,0.0,0
250.0,Josh Boone,25.0,NJN,PF,63.0,28.0,1045.0,0.525,3.1,1.0,0.74,0.108,0.103,0.049,0.0,0.525,0.588,0.292,0.435,0.273,0.0,0.667,0.0,0.161,29.0,0.0,0.0,0.0,0.0,0
251.0,Jarvis Hayes,28.0,NJN,SF,45.0,19.0,1033.0,0.421,19.7,0.454,0.095,0.034,0.061,0.265,0.546,0.523,0.774,0.273,0.45,0.483,0.335,0.859,0.95,0.003,1.0,0.38,0.338,1.0,0.0,0
252.0,Marreese Speights,22.0,PHI,C,62.0,1.0,1016.0,0.477,9.1,0.989,0.363,0.185,0.164,0.277,0.011,0.483,0.559,0.5,0.342,0.455,0.0,0.618,0.0,0.09,34.0,0.0,0.0,2.0,0.0,0
253.0,Robin Lopez,21.0,PHO,C,51.0,31.0,986.0,0.588,3.9,1.0,0.591,0.271,0.113,0.024,0.0,0.588,0.692,0.481,0.303,0.571,0.0,0.62,0.0,0.216,56.0,0.0,0.0,0.0,0.0,0
254.0,Nazr Mohammed,32.0,CHA,C,58.0,29.0,984.0,0.553,4.8,1.0,0.553,0.219,0.161,0.067,0.0,0.553,0.63,0.493,0.436,0.391,0.0,0.704,0.0,0.14,39.0,0.0,0.0,0.0,0.0,0
255.0,James Singleton,28.0,2TM,SF,57.0,3.0,977.0,0.382,13.3,0.854,0.331,0.126,0.094,0.303,0.146,0.415,0.524,0.313,0.5,0.312,0.189,0.611,0.857,0.063,14.0,0.189,0.286,1.0,0.0,0
255.0,James Singleton,28.0,DAL,SF,25.0,0.0,211.0,0.375,15.9,0.656,0.25,0.016,0.078,0.313,0.344,0.452,0.563,0.0,0.4,0.4,0.227,0.632,0.8,0.063,4.0,0.227,0.2,0.0,0.0,0
255.0,James Singleton,28.0,WAS,PF,32.0,3.0,766.0,0.384,10.7,0.921,0.358,0.163,0.1,0.3,0.079,0.406,0.515,0.323,0.526,0.281,0.133,0.606,1.0,0.063,10.0,0.133,0.5,1.0,0.0,0
256.0,Jason Kapono,28.0,PHI,SF,57.0,12.0,976.0,0.419,21.0,0.432,0.04,0.007,0.09,0.296,0.568,0.485,0.75,0.5,0.444,0.461,0.368,0.714,0.937,0.0,0.0,0.333,0.491,0.0,0.0,0
257.0,Morris Peterson,32.0,NOH,SG,46.0,39.0,973.0,0.385,18.3,0.432,0.169,0.05,0.053,0.159,0.568,0.415,0.569,0.4,0.188,0.333,0.363,0.815,0.935,0.007,1.0,0.409,0.414,1.0,0.0,0
258.0,Keyon Dooling,29.0,NJN,PG,53.0,8.0,971.0,0.398,17.9,0.515,0.148,0.037,0.111,0.219,0.485,0.419,0.583,0.417,0.333,0.352,0.376,0.2,0.814,0.009,3.0,0.382,0.467,0.0,0.0,0
259.0,JaVale McGee,22.0,WAS,C,60.0,19.0,968.0,0.508,4.1,0.997,0.603,0.254,0.117,0.023,0.003,0.51,0.649,0.308,0.278,0.286,0.0,0.641,0.0,0.218,64.0,0.0,0.0,0.0,0.0,0
260.0,Kyle Korver,28.0,UTA,SG,52.0,0.0,952.0,0.493,19.1,0.607,0.075,0.014,0.079,0.439,0.393,0.465,0.619,0.0,0.455,0.455,0.536,0.924,0.932,0.004,1.0,0.545,0.55,0.0,0.0,0
261.0,Ime Udoka,32.0,SAC,SG,69.0,2.0,944.0,0.378,14.6,0.622,0.245,0.095,0.091,0.191,0.378,0.433,0.542,0.435,0.5,0.261,0.286,0.462,0.962,0.008,2.0,0.659,0.333,0.0,0.0,0
262.0,Marquis Daniels,29.0,BOS,SF,51.0,4.0,937.0,0.498,8.0,0.888,0.47,0.201,0.145,0.072,0.112,0.534,0.624,0.36,0.472,0.556,0.214,0.602,1.0,0.004,1.0,0.536,0.333,1.0,0.0,0
263.0,Glen Davis,24.0,BOS,PF,54.0,1.0,933.0,0.437,6.7,0.986,0.495,0.226,0.104,0.161,0.014,0.444,0.536,0.333,0.379,0.356,0.0,0.68,0.0,0.018,4.0,0.5,0.0,1.0,0.0,0
264.0,Nicolas Batum,21.0,POR,SF,37.0,25.0,918.0,0.519,15.4,0.507,0.299,0.037,0.034,0.138,0.493,0.625,0.7,0.5,0.667,0.486,0.409,0.765,0.981,0.086,21.0,0.394,0.442,0.0,0.0,0
265.0,Josh Howard,29.0,2TM,SF,35.0,12.0,918.0,0.405,14.0,0.778,0.188,0.129,0.17,0.291,0.222,0.444,0.671,0.48,0.333,0.345,0.267,0.59,1.0,0.005,2.0,0.267,0.304,3.0,0.0,0
265.0,Josh Howard,29.0,DAL,SF,31.0,9.0,827.0,0.401,14.7,0.781,0.181,0.126,0.17,0.304,0.219,0.438,0.742,0.442,0.31,0.327,0.267,0.598,1.0,0.003,1.0,0.267,0.35,3.0,0.0,0
265.0,Josh Howard,29.0,WAS,SF,4.0,3.0,91.0,0.435,13.3,0.761,0.239,0.152,0.174,0.196,0.239,0.486,0.273,0.714,0.5,0.556,0.273,0.529,1.0,0.022,1.0,0.273,0.0,0.0,0.0,0
266.0,Austin Daye,21.0,DET,SF,69.0,4.0,915.0,0.464,14.2,0.678,0.261,0.058,0.146,0.214,0.322,0.54,0.662,0.471,0.512,0.429,0.305,0.583,0.931,0.041,11.0,0.432,0.366,0.0,0.0,0
267.0,Ryan Anderson,21.0,ORL,PF,63.0,6.0,911.0,0.436,15.6,0.456,0.33,0.034,0.018,0.075,0.544,0.514,0.586,0.308,0.429,0.31,0.37,0.418,0.923,0.039,14.0,0.227,0.396,0.0,0.0,0
268.0,David Andersen,29.0,HOU,C,63.0,0.0,891.0,0.432,14.1,0.771,0.165,0.185,0.176,0.244,0.229,0.458,0.518,0.444,0.483,0.41,0.346,0.658,0.963,0.018,4.0,0.026,0.0,0.0,0.0,0
269.0,Vladimir RadmanoviÄ,29.0,2TM,PF,41.0,20.0,891.0,0.377,15.0,0.604,0.297,0.099,0.084,0.125,0.396,0.442,0.556,0.222,0.478,0.324,0.278,0.575,0.933,0.051,12.0,0.278,0.267,0.0,0.0,0
269.0,Vladimir RadmanoviÄ,29.0,CHA,PF,8.0,0.0,133.0,0.333,16.1,0.476,0.286,0.048,0.048,0.095,0.524,0.35,0.417,0.5,0.5,0.0,0.318,0.429,1.0,0.0,0.0,0.318,0.286,0.0,0.0,0
269.0,Vladimir RadmanoviÄ,29.0,GSW,PF,33.0,20.0,758.0,0.385,13.9,0.628,0.299,0.108,0.091,0.13,0.372,0.455,0.58,0.2,0.476,0.367,0.267,0.591,0.913,0.061,12.0,0.267,0.261,0.0,0.0,0
270.0,Tony Allen,28.0,BOS,SG,54.0,8.0,889.0,0.51,5.6,0.98,0.64,0.142,0.071,0.126,0.02,0.52,0.667,0.25,0.278,0.219,0.0,0.628,0.0,0.063,16.0,0.2,0.0,2.0,0.0,0
271.0,Hasheem Thabeet,22.0,MEM,C,68.0,13.0,883.0,0.588,2.4,1.0,0.771,0.107,0.099,0.023,0.0,0.588,0.653,0.286,0.462,0.333,0.0,0.584,0.0,0.244,29.0,0.0,0.0,0.0,0.0,0
272.0,DeShawn Stevenson,28.0,2TM,SG,64.0,18.0,883.0,0.282,19.0,0.466,0.123,0.025,0.025,0.294,0.534,0.355,0.55,0.0,0.0,0.333,0.218,0.667,0.947,0.012,2.0,0.425,0.27,0.0,0.0,0
272.0,DeShawn Stevenson,28.0,WAS,SG,40.0,13.0,616.0,0.282,20.5,0.398,0.087,0.029,0.019,0.262,0.602,0.439,0.778,0.0,0.0,0.407,0.177,0.556,0.909,0.01,1.0,0.355,0.182,0.0,0.0,0
272.0,DeShawn Stevenson,28.0,DAL,SG,24.0,5.0,267.0,0.283,17.5,0.583,0.183,0.017,0.033,0.35,0.417,0.257,0.364,0.0,0.0,0.238,0.32,0.889,1.0,0.017,1.0,0.6,0.4,0.0,0.0,0
273.0,Sasha PavloviÄ,26.0,MIN,SF,71.0,0.0,877.0,0.363,17.3,0.607,0.173,0.043,0.1,0.29,0.393,0.407,0.635,0.154,0.467,0.287,0.297,0.405,0.829,0.013,4.0,0.178,0.143,1.0,0.0,0
274.0,Marcus Williams,24.0,MEM,PG,62.0,1.0,872.0,0.384,15.8,0.701,0.207,0.125,0.118,0.251,0.299,0.421,0.518,0.441,0.281,0.397,0.296,0.238,0.792,0.004,1.0,0.148,0.5,7.0,1.0,0
275.0,Ronny Turiaf,27.0,GSW,C,42.0,20.0,872.0,0.582,5.9,0.993,0.582,0.144,0.103,0.164,0.007,0.586,0.8,0.381,0.2,0.25,0.0,0.753,0.0,0.212,31.0,0.0,0.0,0.0,0.0,0
276.0,Julian Wright,22.0,NOH,SF,68.0,14.0,871.0,0.5,6.9,0.974,0.526,0.134,0.116,0.198,0.026,0.504,0.68,0.387,0.259,0.261,0.333,0.623,1.0,0.138,29.0,0.167,1.0,0.0,0.0,0
277.0,A.J. Price,23.0,IND,PG,56.0,2.0,865.0,0.41,17.1,0.508,0.172,0.105,0.102,0.13,0.492,0.472,0.607,0.378,0.389,0.435,0.345,0.106,0.767,0.0,0.0,0.213,0.243,1.0,0.0,0
278.0,Allen Iverson,34.0,2TM,PG,28.0,24.0,865.0,0.43,13.5,0.921,0.199,0.114,0.199,0.408,0.079,0.436,0.476,0.278,0.413,0.473,0.36,0.425,0.889,0.0,0.0,0.04,1.0,1.0,0.0,AS
278.0,Allen Iverson,34.0,MEM,PG,3.0,0.0,67.0,0.577,13.9,0.962,0.192,0.115,0.115,0.538,0.038,0.56,0.6,0.667,0.0,0.643,1.0,0.286,1.0,0.0,0.0,0.0,0.0,0.0,0.0,0
278.0,Allen Iverson,34.0,PHI,SG,25.0,24.0,798.0,0.417,13.2,0.917,0.2,0.114,0.207,0.397,0.083,0.425,0.466,0.242,0.433,0.452,0.333,0.442,0.875,0.0,0.0,0.042,1.0,1.0,0.0,0
279.0,Anthony Carter,34.0,DEN,PG,54.0,7.0,859.0,0.42,14.9,0.652,0.265,0.088,0.039,0.26,0.348,0.5,0.667,0.438,0.286,0.383,0.27,0.559,1.0,0.006,1.0,0.381,0.292,0.0,0.0,0
280.0,Rodney Carney,25.0,PHI,SG,68.0,0.0,857.0,0.401,15.6,0.521,0.284,0.082,0.035,0.121,0.479,0.49,0.563,0.348,0.6,0.382,0.304,0.667,0.976,0.043,11.0,0.274,0.405,1.0,0.0,0
281.0,Jerry Stackhouse,35.0,MIL,SG,42.0,0.0,855.0,0.408,17.4,0.589,0.13,0.051,0.184,0.225,0.411,0.452,0.488,0.375,0.483,0.423,0.346,0.655,0.978,0.016,4.0,0.492,0.391,1.0,0.0,0
282.0,Jannero Pargo,30.0,CHI,PG,63.0,5.0,829.0,0.346,17.9,0.638,0.113,0.042,0.087,0.396,0.362,0.387,0.535,0.125,0.455,0.358,0.275,0.415,0.868,0.0,0.0,0.304,0.31,1.0,0.0,0
283.0,Luther Head,27.0,IND,SG,47.0,10.0,813.0,0.437,15.5,0.662,0.254,0.064,0.058,0.286,0.338,0.481,0.633,0.45,0.333,0.382,0.352,0.404,0.784,0.003,1.0,0.238,0.48,0.0,0.0,0
284.0,Theo Ratliff,36.0,2TM,C,49.0,29.0,807.0,0.461,6.0,1.0,0.414,0.322,0.184,0.079,0.0,0.461,0.651,0.327,0.357,0.25,0.0,0.729,0.0,0.217,29.0,0.0,0.0,0.0,0.0,0
284.0,Theo Ratliff,36.0,SAS,C,21.0,3.0,183.0,0.444,5.7,1.0,0.417,0.389,0.194,0.0,0.0,0.444,0.467,0.429,0.429,0.0,0.0,0.813,0.0,0.167,5.0,0.0,0.0,0.0,0.0,0
284.0,Theo Ratliff,36.0,CHA,C,28.0,26.0,624.0,0.466,6.3,1.0,0.414,0.302,0.181,0.103,0.0,0.466,0.708,0.286,0.333,0.25,0.0,0.704,0.0,0.233,24.0,0.0,0.0,0.0,0.0,0
285.0,Ronnie Price,26.0,UTA,PG,60.0,4.0,806.0,0.405,13.0,0.74,0.351,0.07,0.079,0.24,0.26,0.447,0.576,0.235,0.526,0.293,0.286,0.4,0.833,0.058,12.0,0.095,0.833,1.0,0.0,0
286.0,Stephen Graham,27.0,CHA,SG,70.0,8.0,804.0,0.496,12.5,0.792,0.358,0.058,0.054,0.321,0.208,0.542,0.605,0.5,0.615,0.468,0.32,0.612,1.0,0.042,7.0,0.64,0.375,1.0,0.0,0
287.0,Shaun Livingston,24.0,2TM,PG,36.0,18.0,796.0,0.517,11.4,0.97,0.204,0.144,0.328,0.294,0.03,0.533,0.683,0.517,0.485,0.492,0.0,0.433,0.0,0.035,7.0,0.333,0.0,1.0,0.0,0
287.0,Shaun Livingston,24.0,OKC,PG,10.0,0.0,130.0,0.313,11.1,0.875,0.25,0.125,0.313,0.188,0.125,0.357,0.25,0.5,0.6,0.0,0.0,0.6,0.0,0.0,0.0,1.0,0.0,0.0,0.0,0
287.0,Shaun Livingston,24.0,WAS,PG,26.0,18.0,666.0,0.535,11.8,0.978,0.2,0.146,0.33,0.303,0.022,0.547,0.73,0.519,0.475,0.518,0.0,0.424,0.0,0.038,7.0,0.0,0.0,1.0,0.0,0
288.0,DeMarre Carroll,23.0,MEM,SF,71.0,1.0,795.0,0.396,11.9,0.973,0.324,0.095,0.09,0.464,0.027,0.407,0.528,0.286,0.2,0.388,0.0,0.659,0.0,0.018,4.0,0.167,0.0,0.0,0.0,0
289.0,Leandro Barbosa,27.0,PHO,PG,44.0,5.0,786.0,0.425,14.0,0.627,0.323,0.082,0.058,0.164,0.373,0.485,0.61,0.367,0.286,0.367,0.324,0.514,0.75,0.0,0.0,0.434,0.39,1.0,0.0,0
290.0,Chris Hunter,25.0,GSW,C,60.0,9.0,783.0,0.502,7.6,0.982,0.479,0.175,0.115,0.212,0.018,0.512,0.654,0.342,0.36,0.413,0.0,0.697,0.0,0.134,25.0,0.0,0.0,1.0,0.0,0
291.0,Reggie Williams,23.0,GSW,SF,24.0,10.0,782.0,0.495,13.7,0.675,0.322,0.11,0.074,0.17,0.325,0.56,0.714,0.323,0.429,0.479,0.359,0.402,0.879,0.042,12.0,0.12,0.545,2.0,0.0,0
292.0,Henry Walker,22.0,2TM,SF,35.0,13.0,768.0,0.517,10.0,0.5,0.341,0.073,0.009,0.078,0.5,0.603,0.684,0.353,0.5,0.5,0.431,0.671,0.96,0.138,29.0,0.25,0.448,0.0,0.0,0
292.0,Henry Walker,22.0,BOS,SF,8.0,0.0,29.0,0.5,5.1,1.0,0.5,0.333,0.0,0.167,0.0,0.5,0.667,0.0,0.0,1.0,0.0,0.667,0.0,0.167,1.0,0.0,0.0,0.0,0.0,0
292.0,Henry Walker,22.0,NYK,SG,27.0,13.0,739.0,0.518,15.0,0.487,0.336,0.066,0.009,0.075,0.513,0.609,0.684,0.4,0.5,0.471,0.431,0.672,0.96,0.137,28.0,0.25,0.448,0.0,0.0,0
293.0,Andris BiedriÅÅ¡,23.0,GSW,C,33.0,29.0,763.0,0.591,2.7,1.0,0.657,0.336,0.007,0.0,0.0,0.591,0.711,0.37,0.0,0.0,0.0,0.704,0.0,0.19,26.0,0.0,0.0,0.0,0.0,0
294.0,Devean George,32.0,GSW,SF,45.0,4.0,761.0,0.432,19.9,0.403,0.121,0.039,0.029,0.214,0.597,0.494,0.52,0.625,0.333,0.477,0.39,0.561,0.938,0.01,2.0,0.358,0.5,0.0,0.0,0
295.0,Joey Graham,27.0,DEN,SF,63.0,18.0,759.0,0.52,8.6,0.936,0.426,0.153,0.119,0.238,0.064,0.545,0.663,0.581,0.25,0.458,0.154,0.641,1.0,0.104,21.0,0.462,0.167,0.0,0.0,0
296.0,James Johnson,22.0,CHI,PF,65.0,11.0,757.0,0.452,10.2,0.781,0.5,0.062,0.038,0.181,0.219,0.488,0.6,0.308,0.375,0.263,0.326,0.575,0.933,0.124,23.0,0.478,0.455,1.0,0.0,0
297.0,Anthony Randolph,20.0,GSW,C,33.0,8.0,749.0,0.443,8.9,0.984,0.408,0.184,0.097,0.294,0.016,0.447,0.587,0.386,0.3,0.341,0.2,0.574,1.0,0.097,30.0,0.4,0.0,1.0,0.0,0
298.0,Jawad Williams,26.0,CLE,PG,54.0,6.0,742.0,0.393,16.4,0.549,0.204,0.068,0.117,0.16,0.451,0.451,0.524,0.286,0.5,0.394,0.323,0.588,0.867,0.019,3.0,0.301,0.393,0.0,0.0,0
299.0,Travis Outlaw,25.0,2TM,SF,34.0,6.0,730.0,0.391,16.4,0.626,0.164,0.082,0.117,0.263,0.374,0.398,0.5,0.391,0.424,0.324,0.381,0.443,0.85,0.057,13.0,0.371,0.462,2.0,0.0,0
299.0,Travis Outlaw,25.0,POR,SF,11.0,0.0,231.0,0.376,15.6,0.693,0.198,0.079,0.158,0.257,0.307,0.371,0.4,0.25,0.375,0.385,0.387,0.5,1.0,0.05,4.0,0.387,0.5,2.0,0.0,0
299.0,Travis Outlaw,25.0,LAC,SF,23.0,6.0,499.0,0.4,17.2,0.589,0.144,0.083,0.094,0.267,0.411,0.415,0.577,0.467,0.471,0.292,0.378,0.409,0.786,0.061,9.0,0.365,0.444,0.0,0.0,0
300.0,Jeff Teague,21.0,ATL,PG,71.0,3.0,719.0,0.396,10.5,0.859,0.366,0.256,0.044,0.194,0.141,0.426,0.554,0.345,0.1,0.364,0.219,0.277,0.571,0.04,9.0,0.094,0.333,3.0,0.0,0
301.0,Jodie Meeks,22.0,2TM,SG,60.0,0.0,719.0,0.388,17.3,0.507,0.228,0.022,0.071,0.187,0.493,0.456,0.607,0.333,0.316,0.34,0.318,0.581,0.905,0.011,3.0,0.22,0.31,1.0,1.0,0
301.0,Jodie Meeks,22.0,MIL,SG,41.0,0.0,486.0,0.362,17.0,0.537,0.232,0.023,0.068,0.215,0.463,0.432,0.512,0.5,0.25,0.395,0.28,0.585,0.957,0.011,2.0,0.268,0.182,1.0,1.0,0
301.0,Jodie Meeks,22.0,PHI,SG,19.0,0.0,233.0,0.44,17.6,0.451,0.22,0.022,0.077,0.132,0.549,0.512,0.8,0.0,0.429,0.167,0.38,0.571,0.842,0.011,1.0,0.14,0.714,0.0,0.0,0
302.0,Michael Finley,36.0,2TM,SF,46.0,7.0,709.0,0.44,19.5,0.554,0.054,0.049,0.114,0.337,0.446,0.48,0.7,0.333,0.238,0.548,0.39,0.653,0.938,0.005,0.0,0.354,0.31,1.0,0.0,0
302.0,Michael Finley,36.0,SAS,SF,25.0,6.0,395.0,0.381,18.8,0.577,0.062,0.072,0.134,0.309,0.423,0.429,0.833,0.286,0.308,0.433,0.317,0.667,1.0,0.01,0.0,0.463,0.316,1.0,0.0,0
302.0,Michael Finley,36.0,BOS,SF,21.0,1.0,314.0,0.506,20.1,0.529,0.046,0.023,0.092,0.368,0.471,0.543,0.5,0.5,0.125,0.656,0.463,0.64,0.895,0.0,0.0,0.244,0.3,0.0,0.0,0
303.0,Dante Cunningham,22.0,POR,PF,63.0,2.0,707.0,0.495,13.1,0.991,0.252,0.056,0.159,0.523,0.009,0.5,0.63,0.583,0.294,0.491,0.0,0.868,0.0,0.037,7.0,0.0,0.0,2.0,0.0,0
304.0,Rodrigue Beaubois,21.0,DAL,PG,56.0,16.0,700.0,0.518,12.7,0.632,0.361,0.12,0.04,0.11,0.368,0.582,0.704,0.472,0.417,0.364,0.409,0.373,0.644,0.043,13.0,0.182,0.45,1.0,0.0,0
305.0,Daequan Cook,22.0,MIA,SG,45.0,3.0,691.0,0.32,20.2,0.502,0.051,0.055,0.095,0.3,0.498,0.323,0.692,0.286,0.375,0.25,0.317,0.561,0.825,0.004,1.0,0.246,0.323,1.0,0.0,0
306.0,Darko MiliÄiÄ,24.0,2TM,C,32.0,18.0,685.0,0.49,7.6,0.995,0.186,0.578,0.206,0.025,0.005,0.493,0.763,0.424,0.452,0.4,0.0,0.5,0.0,0.02,4.0,0.0,0.0,0.0,0.0,0
306.0,Darko MiliÄiÄ,24.0,NYK,C,8.0,0.0,71.0,0.471,7.9,1.0,0.118,0.706,0.059,0.118,0.0,0.471,1.0,0.417,1.0,0.0,0.0,0.375,0.0,0.0,0.0,0.0,0.0,0.0,0.0,0
306.0,Darko MiliÄiÄ,24.0,MIN,C,24.0,18.0,614.0,0.492,7.3,0.995,0.193,0.567,0.219,0.016,0.005,0.495,0.75,0.425,0.439,0.667,0.0,0.511,0.0,0.021,4.0,0.0,0.0,0.0,0.0,0
307.0,Eduardo NÃ¡jera,33.0,2TM,PF,46.0,5.0,685.0,0.425,13.2,0.562,0.384,0.048,0.034,0.096,0.438,0.524,0.589,0.143,0.4,0.5,0.297,0.767,0.947,0.021,2.0,0.125,0.375,0.0,0.0,0
307.0,Eduardo NÃ¡jera,33.0,NJN,PF,13.0,2.0,204.0,0.377,11.5,0.679,0.415,0.094,0.057,0.113,0.321,0.472,0.591,0.0,0.333,0.5,0.176,0.706,1.0,0.0,0.0,0.176,0.333,0.0,0.0,0
307.0,Eduardo NÃ¡jera,33.0,DAL,PF,33.0,3.0,481.0,0.452,15.0,0.495,0.366,0.022,0.022,0.086,0.505,0.565,0.588,0.5,0.5,0.5,0.34,0.808,0.938,0.032,2.0,0.106,0.4,0.0,0.0,0
308.0,Joel Przybilla,30.0,POR,C,30.0,9.0,681.0,0.523,0.6,1.0,0.942,0.047,0.012,0.0,0.0,0.523,0.556,0.0,0.0,0.0,0.0,0.689,0.0,0.128,11.0,0.0,0.0,0.0,0.0,0
309.0,Solomon Jones,25.0,IND,C,52.0,2.0,675.0,0.443,9.5,0.983,0.318,0.153,0.261,0.25,0.017,0.451,0.589,0.296,0.348,0.477,0.0,0.821,0.0,0.125,19.0,0.0,0.0,0.0,0.0,0
310.0,Tracy McGrady,30.0,2TM,SG,30.0,24.0,673.0,0.387,15.3,0.728,0.234,0.077,0.081,0.336,0.272,0.439,0.564,0.389,0.316,0.392,0.25,0.347,0.75,0.004,1.0,0.047,1.0,0.0,0.0,0
310.0,Tracy McGrady,30.0,HOU,SG,6.0,0.0,46.0,0.368,15.4,0.895,0.263,0.0,0.053,0.579,0.105,0.353,0.2,0.0,0.0,0.455,0.5,1.0,1.0,0.0,0.0,0.0,0.0,0.0,0.0,0
310.0,Tracy McGrady,30.0,NYK,SG,24.0,24.0,627.0,0.389,15.3,0.713,0.231,0.083,0.083,0.315,0.287,0.448,0.6,0.389,0.333,0.382,0.242,0.29,0.733,0.005,1.0,0.048,1.0,0.0,0.0,0
311.0,Kwame Brown,27.0,DET,C,48.0,1.0,660.0,0.5,3.9,0.992,0.605,0.25,0.105,0.032,0.008,0.504,0.56,0.387,0.462,0.5,0.0,0.645,0.0,0.137,15.0,0.0,0.0,0.0,0.0,0
312.0,Sebastian Telfair,24.0,2TM,PG,43.0,1.0,659.0,0.413,15.6,0.721,0.249,0.03,0.134,0.308,0.279,0.483,0.52,0.5,0.407,0.484,0.232,0.343,0.923,0.0,0.0,0.268,0.467,1.0,0.0,0
312.0,Sebastian Telfair,24.0,LAC,PG,39.0,1.0,582.0,0.404,15.3,0.717,0.247,0.03,0.145,0.295,0.283,0.471,0.537,0.4,0.417,0.449,0.234,0.339,0.909,0.0,0.0,0.255,0.5,1.0,0.0,0
312.0,Sebastian Telfair,24.0,CLE,PG,4.0,0.0,77.0,0.457,15.9,0.743,0.257,0.029,0.086,0.371,0.257,0.538,0.444,1.0,0.333,0.615,0.222,0.357,1.0,0.0,0.0,0.333,0.333,0.0,0.0,0
313.0,Jason Smith,23.0,PHI,PF,56.0,2.0,658.0,0.431,10.8,0.833,0.351,0.109,0.178,0.195,0.167,0.448,0.623,0.316,0.323,0.324,0.345,0.615,1.0,0.052,9.0,0.483,0.357,0.0,0.0,0
314.0,Jon Brockman,22.0,SAC,PF,52.0,4.0,654.0,0.534,3.3,1.0,0.709,0.146,0.039,0.107,0.0,0.534,0.616,0.333,0.5,0.273,0.0,0.527,0.0,0.049,4.0,0.0,0.0,0.0,0.0,0
315.0,Fabricio Oberto,34.0,WAS,C,57.0,20.0,650.0,0.625,3.4,1.0,0.679,0.232,0.071,0.018,0.0,0.625,0.711,0.538,0.25,0.0,0.0,0.943,0.0,0.0,0.0,0.0,0.0,0.0,0.0,0
316.0,Brandon Bass,24.0,ORL,PF,50.0,3.0,648.0,0.511,8.7,1.0,0.369,0.142,0.249,0.24,0.0,0.511,0.628,0.424,0.466,0.429,0.0,0.513,0.0,0.116,25.0,0.0,0.0,0.0,0.0,0
317.0,Chucky Atkins,35.0,DET,PG,40.0,11.0,644.0,0.363,18.5,0.535,0.166,0.025,0.038,0.306,0.465,0.417,0.538,0.25,0.333,0.375,0.301,0.314,0.818,0.0,0.0,0.288,0.333,1.0,0.0,0
318.0,Jordan Hill,22.0,2TM,PF,47.0,0.0,624.0,0.493,7.8,0.99,0.458,0.194,0.104,0.234,0.01,0.497,0.63,0.487,0.143,0.404,0.0,0.576,0.0,0.129,24.0,0.0,0.0,0.0,0.0,0
318.0,Jordan Hill,22.0,NYK,PF,24.0,0.0,252.0,0.446,10.1,0.978,0.348,0.152,0.141,0.337,0.022,0.456,0.625,0.357,0.231,0.419,0.0,0.659,0.0,0.065,6.0,0.0,0.0,0.0,0.0,0
318.0,Jordan Hill,22.0,HOU,PF,23.0,0.0,372.0,0.532,5.5,1.0,0.55,0.229,0.073,0.147,0.0,0.532,0.633,0.56,0.0,0.375,0.0,0.517,0.0,0.183,18.0,0.0,0.0,0.0,0.0,0
319.0,Shelden Williams,26.0,BOS,PF,54.0,0.0,597.0,0.521,5.4,0.992,0.612,0.132,0.132,0.116,0.008,0.525,0.608,0.375,0.5,0.286,0.0,0.762,0.0,0.116,11.0,0.0,0.0,0.0,0.0,0
320.0,Joe Smith,34.0,ATL,PF,64.0,1.0,592.0,0.399,11.8,0.964,0.254,0.161,0.078,0.472,0.036,0.409,0.633,0.419,0.267,0.308,0.143,0.763,1.0,0.052,10.0,1.0,0.143,0.0,0.0,0
321.0,Jamaal Tinsley,31.0,MEM,PG,38.0,1.0,589.0,0.371,14.0,0.721,0.186,0.214,0.229,0.093,0.279,0.446,0.692,0.433,0.281,0.385,0.179,0.289,1.0,0.0,0.0,0.128,0.2,1.0,0.0,0
322.0,Josh Powell,27.0,LAL,PF,63.0,0.0,581.0,0.366,10.8,0.918,0.314,0.144,0.16,0.299,0.082,0.36,0.492,0.321,0.258,0.293,0.438,0.641,1.0,0.072,12.0,0.563,0.667,0.0,0.0,0
323.0,Sasha VujaÄiÄ,25.0,LAL,SG,67.0,1.0,575.0,0.402,19.9,0.506,0.104,0.012,0.061,0.329,0.494,0.494,0.588,0.0,0.7,0.444,0.309,0.561,0.88,0.006,1.0,0.247,0.35,0.0,0.0,0
324.0,Francisco GarcÃ­a,28.0,SAC,SG,25.0,4.0,575.0,0.466,17.3,0.665,0.159,0.028,0.097,0.381,0.335,0.504,0.786,0.6,0.294,0.433,0.39,0.746,0.913,0.011,2.0,0.305,0.389,2.0,0.0,0
325.0,Quinton Ross,28.0,2TM,SF,52.0,7.0,562.0,0.36,14.6,0.811,0.243,0.045,0.036,0.486,0.189,0.4,0.407,0.2,0.25,0.426,0.19,0.889,1.0,0.0,0.0,0.857,0.222,0.0,0.0,0
325.0,Quinton Ross,28.0,DAL,SF,27.0,7.0,301.0,0.411,15.7,0.768,0.179,0.054,0.036,0.5,0.232,0.465,0.4,0.333,0.0,0.536,0.231,0.9,1.0,0.0,0.0,0.846,0.273,0.0,0.0,0
325.0,Quinton Ross,28.0,WAS,SG,25.0,0.0,261.0,0.309,13.6,0.855,0.309,0.036,0.036,0.473,0.145,0.34,0.412,0.0,0.5,0.308,0.125,0.875,1.0,0.0,0.0,0.875,0.143,0.0,0.0,0
326.0,Derrick Brown,22.0,CHA,SF,57.0,0.0,535.0,0.463,5.6,0.952,0.66,0.048,0.095,0.15,0.048,0.471,0.536,0.286,0.286,0.364,0.286,0.667,1.0,0.245,30.0,0.571,0.5,0.0,0.0,0
327.0,Josh McRoberts,22.0,IND,C,42.0,3.0,524.0,0.521,9.1,0.842,0.5,0.137,0.048,0.158,0.158,0.553,0.699,0.35,0.286,0.348,0.348,0.676,1.0,0.185,26.0,0.217,0.0,1.0,0.0,0
328.0,Bobby Brown,25.0,2TM,PG,45.0,0.0,519.0,0.371,17.4,0.586,0.181,0.089,0.063,0.253,0.414,0.446,0.628,0.571,0.067,0.367,0.265,0.29,0.808,0.025,6.0,0.122,0.083,3.0,0.0,0
328.0,Bobby Brown,25.0,NOH,PG,22.0,0.0,328.0,0.395,17.6,0.566,0.191,0.079,0.046,0.25,0.434,0.5,0.724,0.583,0.143,0.368,0.258,0.326,0.824,0.039,6.0,0.106,0.0,2.0,0.0,0
328.0,Bobby Brown,25.0,LAC,PG,23.0,0.0,191.0,0.329,17.2,0.624,0.165,0.106,0.094,0.259,0.376,0.358,0.429,0.556,0.0,0.364,0.281,0.211,0.778,0.0,0.0,0.156,0.2,1.0,0.0,0
329.0,Tyler Hansbrough,24.0,IND,PF,29.0,1.0,511.0,0.36,9.4,0.982,0.289,0.258,0.173,0.262,0.018,0.367,0.492,0.293,0.308,0.339,0.0,0.63,0.0,0.053,11.0,0.25,0.0,0.0,0.0,0
330.0,James Jones,29.0,MIA,SF,36.0,6.0,503.0,0.361,22.6,0.244,0.025,0.008,0.034,0.176,0.756,0.207,0.0,0.0,0.25,0.238,0.411,0.833,0.946,0.0,0.0,0.378,0.353,0.0,0.0,0
331.0,Greg Oden,22.0,POR,C,21.0,21.0,502.0,0.605,2.4,1.0,0.717,0.224,0.053,0.007,0.0,0.605,0.706,0.353,0.375,0.0,0.0,0.543,0.0,0.224,34.0,0.0,0.0,0.0,0.0,0
332.0,Ricky Davis,30.0,LAC,SF,36.0,2.0,499.0,0.434,19.2,0.706,0.07,0.021,0.105,0.51,0.294,0.455,0.5,0.333,0.4,0.466,0.381,0.587,0.875,0.0,0.0,0.381,0.375,1.0,0.0,0
333.0,Michael Redd,30.0,MIL,SG,18.0,12.0,492.0,0.352,13.5,0.718,0.258,0.146,0.099,0.216,0.282,0.373,0.473,0.355,0.286,0.304,0.3,0.439,1.0,0.009,2.0,0.3,0.333,0.0,0.0,0
334.0,Brian Scalabrine,31.0,BOS,PF,52.0,3.0,472.0,0.341,19.7,0.424,0.118,0.024,0.012,0.271,0.576,0.361,0.7,0.0,0.0,0.261,0.327,0.923,1.0,0.0,0.0,0.571,0.429,0.0,0.0,0
335.0,Mardy Collins,25.0,LAC,SG,43.0,0.0,470.0,0.367,12.0,0.867,0.242,0.281,0.141,0.203,0.133,0.387,0.548,0.444,0.333,0.154,0.235,0.279,0.75,0.023,3.0,0.353,0.5,3.0,0.0,0
336.0,Darrell Arthur,21.0,MEM,PF,32.0,1.0,457.0,0.432,8.6,0.993,0.37,0.219,0.144,0.26,0.007,0.434,0.481,0.5,0.429,0.316,0.0,0.667,0.0,0.068,7.0,0.0,0.0,1.0,0.0,0
337.0,Malik Allen,31.0,DEN,PF,51.0,3.0,456.0,0.397,14.3,0.948,0.198,0.06,0.112,0.578,0.052,0.409,0.435,0.143,0.538,0.403,0.167,0.622,1.0,0.017,2.0,0.667,0.25,0.0,0.0,0
338.0,Oleksiy Pecherov,24.0,MIN,C,44.0,5.0,447.0,0.41,15.0,0.723,0.229,0.08,0.106,0.309,0.277,0.463,0.628,0.267,0.45,0.397,0.269,0.603,1.0,0.016,3.0,0.154,0.375,0.0,0.0,0
339.0,Chris Wilcox,27.0,DET,PF,34.0,10.0,441.0,0.525,4.7,1.0,0.575,0.183,0.167,0.075,0.0,0.525,0.681,0.364,0.35,0.111,0.0,0.651,0.0,0.2,21.0,0.0,0.0,0.0,0.0,0
340.0,Johan Petro,24.0,DEN,C,36.0,16.0,436.0,0.535,8.4,0.99,0.356,0.277,0.149,0.208,0.01,0.54,0.75,0.357,0.467,0.476,0.0,0.704,0.0,0.089,8.0,0.0,0.0,0.0,0.0,0
341.0,Rasho NesteroviÄ,33.0,TOR,C,42.0,8.0,413.0,0.544,10.1,1.0,0.329,0.174,0.107,0.389,0.0,0.544,0.714,0.615,0.375,0.414,0.0,0.716,0.0,0.007,1.0,0.0,0.0,0.0,0.0,0
342.0,Nathan Jawai,23.0,MIN,C,39.0,2.0,412.0,0.441,3.8,0.991,0.631,0.243,0.081,0.036,0.009,0.445,0.543,0.296,0.222,0.25,0.0,0.388,0.0,0.09,10.0,0.0,0.0,1.0,0.0,0
343.0,Kyrylo Fesenko,23.0,UTA,C,49.0,5.0,408.0,0.547,2.3,0.989,0.653,0.316,0.021,0.0,0.011,0.553,0.677,0.333,0.0,0.0,0.0,0.692,0.0,0.211,19.0,0.0,0.0,0.0,0.0,0
344.0,Anthony Johnson,35.0,ORL,PG,31.0,0.0,406.0,0.441,14.4,0.649,0.216,0.135,0.171,0.126,0.351,0.5,0.542,0.333,0.526,0.571,0.333,0.194,0.923,0.009,1.0,0.282,0.455,0.0,0.0,0
345.0,Mikki Moore,34.0,GSW,C,23.0,20.0,406.0,0.6,9.7,1.0,0.389,0.122,0.078,0.411,0.0,0.6,0.857,0.364,0.429,0.459,0.0,0.741,0.0,0.2,18.0,0.0,0.0,0.0,0.0,0
346.0,DaJuan Summers,22.0,DET,SF,44.0,0.0,405.0,0.354,14.4,0.677,0.292,0.062,0.054,0.269,0.323,0.352,0.5,0.25,0.143,0.257,0.357,0.645,0.933,0.046,6.0,0.452,0.421,0.0,0.0,0
347.0,Jeff Ayres,22.0,POR,C,39.0,4.0,405.0,0.662,4.9,1.0,0.569,0.215,0.123,0.092,0.0,0.662,0.757,0.429,0.625,0.667,0.0,0.791,0.0,0.308,19.0,0.0,0.0,0.0,0.0,0
348.0,Bobby Simmons,29.0,NJN,PF,23.0,2.0,395.0,0.359,19.1,0.462,0.12,0.043,0.06,0.239,0.538,0.407,0.5,1.0,0.429,0.25,0.317,0.5,1.0,0.0,0.0,0.381,0.333,0.0,0.0,0
349.0,Cartier Martin,25.0,2TM,SF,18.0,2.0,390.0,0.368,15.1,0.64,0.25,0.14,0.074,0.176,0.36,0.379,0.559,0.211,0.2,0.333,0.347,0.333,0.882,0.0,0.0,0.265,0.308,1.0,0.0,0
349.0,Cartier Martin,25.0,GSW,SF,10.0,2.0,276.0,0.364,14.1,0.648,0.25,0.17,0.102,0.125,0.352,0.386,0.591,0.267,0.222,0.273,0.323,0.273,1.0,0.0,0.0,0.258,0.375,0.0,0.0,0
349.0,Cartier Martin,25.0,WAS,SF,8.0,0.0,114.0,0.375,16.1,0.625,0.25,0.083,0.021,0.271,0.375,0.367,0.5,0.0,0.0,0.385,0.389,0.455,0.714,0.0,0.0,0.278,0.2,1.0,0.0,0
350.0,Earl Clark,22.0,PHO,PF,51.0,0.0,383.0,0.371,12.7,0.967,0.205,0.172,0.139,0.45,0.033,0.37,0.548,0.346,0.286,0.324,0.4,0.574,1.0,0.046,5.0,0.2,0.0,1.0,0.0,0
351.0,Steve Novak,26.0,LAC,SF,54.0,0.0,362.0,0.389,23.3,0.343,0.009,0.009,0.028,0.296,0.657,0.541,1.0,0.0,1.0,0.5,0.31,0.95,1.0,0.0,0.0,0.239,0.294,0.0,0.0,0
352.0,Jamaal Magloire,31.0,MIA,C,36.0,0.0,359.0,0.5,2.4,1.0,0.661,0.304,0.018,0.018,0.0,0.5,0.622,0.294,0.0,0.0,0.0,0.464,0.0,0.196,10.0,0.0,0.0,0.0,0.0,0
353.0,D.J. Mbenga,29.0,LAL,C,49.0,2.0,355.0,0.466,9.0,1.0,0.33,0.184,0.194,0.291,0.0,0.466,0.647,0.421,0.45,0.3,0.0,0.563,0.0,0.049,4.0,0.0,0.0,0.0,0.0,0
354.0,Gerald Henderson,22.0,CHA,SG,43.0,0.0,355.0,0.356,11.8,0.817,0.375,0.077,0.135,0.231,0.183,0.388,0.538,0.125,0.286,0.292,0.211,0.636,1.0,0.115,12.0,0.368,0.286,1.0,0.0,0
355.0,Hilton Armstrong,25.0,3TM,C,33.0,0.0,335.0,0.354,6.9,0.987,0.456,0.241,0.139,0.152,0.013,0.359,0.5,0.316,0.182,0.167,0.0,0.714,0.0,0.177,10.0,0.0,0.0,0.0,0.0,0
355.0,Hilton Armstrong,25.0,NOH,PF,18.0,0.0,239.0,0.38,6.3,1.0,0.5,0.22,0.12,0.16,0.0,0.38,0.56,0.364,0.0,0.125,0.0,0.842,0.0,0.18,7.0,0.0,0.0,0.0,0.0,0
355.0,Hilton Armstrong,25.0,SAC,C,6.0,0.0,56.0,0.333,5.3,1.0,0.5,0.25,0.167,0.083,0.0,0.333,0.5,0.333,0.0,0.0,0.0,0.5,0.0,0.25,2.0,0.0,0.0,0.0,0.0,0
355.0,Hilton Armstrong,25.0,HOU,C,9.0,0.0,40.0,0.294,9.2,0.941,0.294,0.294,0.176,0.176,0.059,0.313,0.2,0.2,0.667,0.333,0.0,0.4,0.0,0.118,1.0,0.0,0.0,0.0,0.0,0
356.0,Garrett Temple,23.0,3TM,SG,27.0,4.0,334.0,0.436,15.5,0.634,0.287,0.069,0.04,0.238,0.366,0.484,0.724,0.571,0.75,0.125,0.351,0.226,1.0,0.02,2.0,0.676,0.48,1.0,0.0,0
356.0,Garrett Temple,23.0,HOU,SG,9.0,0.0,118.0,0.448,13.3,0.586,0.345,0.103,0.0,0.138,0.414,0.588,0.8,0.667,0.0,0.0,0.25,0.2,1.0,0.034,1.0,0.583,0.429,0.0,0.0,0
356.0,Garrett Temple,23.0,SAC,SG,5.0,0.0,23.0,0.375,18.9,0.75,0.25,0.0,0.125,0.375,0.25,0.5,1.0,0.0,1.0,0.0,0.0,0.333,0.0,0.0,0.0,0.5,0.0,1.0,0.0,0
356.0,Garrett Temple,23.0,SAS,SG,13.0,4.0,193.0,0.438,14.4,0.641,0.266,0.063,0.047,0.266,0.359,0.439,0.647,0.5,0.667,0.176,0.435,0.222,1.0,0.016,1.0,0.739,0.529,0.0,0.0,0
357.0,Sean May,25.0,SAC,C,37.0,4.0,331.0,0.459,14.3,0.964,0.153,0.162,0.045,0.604,0.036,0.477,0.294,0.611,0.6,0.478,0.0,0.725,0.0,0.009,1.0,0.25,0.0,0.0,0.0,0
358.0,Royal Ivey,28.0,2TM,SG,44.0,0.0,326.0,0.422,15.4,0.578,0.229,0.133,0.096,0.12,0.422,0.438,0.684,0.273,0.25,0.3,0.4,0.524,0.929,0.0,0.0,0.4,0.357,1.0,0.0,0
358.0,Royal Ivey,28.0,PHI,SG,26.0,0.0,236.0,0.473,14.6,0.564,0.218,0.182,0.073,0.091,0.436,0.452,0.583,0.3,0.5,0.4,0.5,0.429,0.917,0.0,0.0,0.375,0.333,0.0,0.0,0
358.0,Royal Ivey,28.0,MIL,SG,18.0,0.0,90.0,0.321,16.3,0.607,0.25,0.036,0.143,0.179,0.393,0.412,0.857,0.0,0.0,0.2,0.182,0.714,1.0,0.0,0.0,0.455,0.4,1.0,0.0,0
359.0,Etan Thomas,31.0,OKC,C,23.0,1.0,321.0,0.456,4.5,1.0,0.485,0.338,0.162,0.015,0.0,0.456,0.606,0.391,0.091,1.0,0.0,0.645,0.0,0.103,5.0,0.0,0.0,0.0,0.0,0
360.0,Malik Hairston,22.0,SAS,SG,47.0,0.0,317.0,0.526,9.0,0.855,0.566,0.039,0.013,0.237,0.145,0.585,0.698,0.333,1.0,0.333,0.182,0.658,1.0,0.132,10.0,0.727,0.25,0.0,0.0,0
361.0,Dan Gadzuric,31.0,MIL,C,32.0,6.0,314.0,0.438,5.1,1.0,0.584,0.124,0.191,0.09,0.0,0.438,0.558,0.273,0.235,0.375,0.0,0.538,0.0,0.112,10.0,0.0,0.0,0.0,0.0,0
362.0,Kenny Thomas,32.0,SAC,PF,26.0,2.0,313.0,0.486,2.8,1.0,0.629,0.286,0.057,0.029,0.0,0.486,0.591,0.3,0.5,0.0,0.0,0.706,0.0,0.0,0.0,0.0,0.0,0.0,0.0,0
363.0,Reggie Evans,29.0,TOR,PF,28.0,1.0,311.0,0.493,2.5,1.0,0.754,0.217,0.0,0.029,0.0,0.493,0.615,0.067,0.0,0.5,0.0,0.559,0.0,0.0,0.0,0.0,0.0,0.0,0.0,0
364.0,Aaron Gray,25.0,2TM,C,32.0,0.0,311.0,0.512,3.8,1.0,0.634,0.207,0.146,0.012,0.0,0.512,0.577,0.471,0.25,1.0,0.0,0.333,0.0,0.024,2.0,0.0,0.0,0.0,0.0,0
364.0,Aaron Gray,25.0,CHI,C,8.0,0.0,50.0,0.381,4.4,1.0,0.571,0.19,0.238,0.0,0.0,0.381,0.5,0.0,0.4,0.0,0.0,0.375,0.0,0.0,0.0,0.0,0.0,0.0,0.0,0
364.0,Aaron Gray,25.0,NOH,C,24.0,0.0,261.0,0.557,3.2,1.0,0.656,0.213,0.115,0.016,0.0,0.557,0.6,0.615,0.143,1.0,0.0,0.324,0.0,0.033,2.0,0.0,0.0,0.0,0.0,0
365.0,Dominic McGuire,24.0,2TM,SF,51.0,2.0,307.0,0.365,7.8,1.0,0.442,0.173,0.019,0.365,0.0,0.365,0.522,0.0,0.0,0.368,0.0,0.474,0.0,0.096,5.0,0.0,0.0,0.0,0.0,0
365.0,Dominic McGuire,24.0,WAS,SF,41.0,0.0,240.0,0.375,9.3,1.0,0.425,0.15,0.025,0.4,0.0,0.375,0.529,0.0,0.0,0.375,0.0,0.467,0.0,0.075,3.0,0.0,0.0,0.0,0.0,0
365.0,Dominic McGuire,24.0,SAC,SF,10.0,2.0,67.0,0.333,6.4,1.0,0.5,0.25,0.0,0.25,0.0,0.333,0.5,0.0,0.0,0.333,0.0,0.5,0.0,0.167,2.0,0.0,0.0,0.0,0.0,0
366.0,Jermaine Taylor,23.0,HOU,SG,31.0,4.0,303.0,0.378,9.1,0.815,0.487,0.134,0.067,0.126,0.185,0.412,0.517,0.25,0.25,0.267,0.227,0.375,1.0,0.05,5.0,0.455,0.2,0.0,0.0,0
367.0,Jonathan Bender,29.0,NYK,SF,25.0,1.0,292.0,0.4,14.3,0.61,0.34,0.05,0.04,0.18,0.39,0.426,0.5,0.2,0.25,0.389,0.359,0.385,0.929,0.08,7.0,0.359,0.429,1.0,0.0,0
368.0,Tim Thomas,32.0,DAL,SF,18.0,1.0,285.0,0.462,15.3,0.594,0.226,0.085,0.113,0.17,0.406,0.524,0.75,0.556,0.25,0.389,0.372,0.697,1.0,0.038,3.0,0.279,0.5,0.0,0.0,0
369.0,Luke Walton,29.0,LAL,SF,29.0,0.0,272.0,0.357,12.6,0.798,0.179,0.238,0.226,0.155,0.202,0.343,0.4,0.35,0.316,0.308,0.412,0.391,0.857,0.0,0.0,0.471,0.5,0.0,0.0,0
370.0,Brian Cardinal,32.0,MIN,PF,29.0,0.0,267.0,0.389,16.3,0.75,0.111,0.111,0.167,0.361,0.25,0.407,0.5,0.5,0.667,0.231,0.333,0.727,1.0,0.0,0.0,0.444,0.5,0.0,0.0,0
371.0,Kevin Ollie,37.0,OKC,PG,25.0,0.0,263.0,0.4,12.3,0.978,0.289,0.044,0.133,0.511,0.022,0.409,0.462,0.5,0.5,0.348,0.0,0.778,0.0,0.0,0.0,1.0,0.0,0.0,0.0,0
372.0,DeSagana Diop,28.0,CHA,C,27.0,0.0,262.0,0.517,3.9,1.0,0.69,0.069,0.172,0.069,0.0,0.517,0.75,0.0,0.0,0.0,0.0,0.6,0.0,0.103,3.0,0.0,0.0,0.0,0.0,0
373.0,Jarron Collins,31.0,PHO,C,34.0,10.0,261.0,0.387,5.1,1.0,0.484,0.355,0.097,0.065,0.0,0.387,0.533,0.273,0.0,0.5,0.0,0.417,0.0,0.0,0.0,0.0,0.0,0.0,0.0,0
374.0,Jeff Foster,33.0,IND,C,16.0,3.0,255.0,0.478,6.5,0.978,0.609,0.174,0.022,0.174,0.022,0.489,0.607,0.25,1.0,0.25,0.0,0.5,0.0,0.065,3.0,0.0,0.0,1.0,0.0,0
375.0,Marcus Banks,28.0,TOR,PG,22.0,0.0,244.0,0.534,15.7,0.671,0.288,0.055,0.027,0.301,0.329,0.653,0.762,0.5,0.5,0.591,0.292,0.281,0.857,0.0,0.0,0.375,0.444,1.0,0.0,0
376.0,Adam Morrison,25.0,LAL,SF,31.0,0.0,241.0,0.376,14.9,0.753,0.118,0.2,0.165,0.271,0.247,0.422,0.6,0.529,0.214,0.391,0.238,0.704,0.6,0.0,0.0,0.381,0.125,0.0,0.0,0
377.0,Hamed Haddadi,24.0,MEM,C,36.0,0.0,240.0,0.387,6.2,0.952,0.565,0.194,0.145,0.048,0.048,0.407,0.514,0.167,0.333,0.333,0.0,0.417,0.0,0.081,5.0,0.0,0.0,2.0,0.0,0
378.0,J.R. Giddens,24.0,2TM,SF,32.0,1.0,239.0,0.467,10.2,0.833,0.483,0.05,0.083,0.217,0.167,0.56,0.793,0.333,0.4,0.154,0.0,0.393,0.0,0.05,3.0,0.4,0.0,1.0,0.0,0
378.0,J.R. Giddens,24.0,BOS,SF,21.0,1.0,99.0,0.429,8.8,0.905,0.476,0.095,0.095,0.238,0.095,0.474,0.7,0.5,0.5,0.0,0.0,0.667,0.0,0.095,2.0,1.0,0.0,0.0,0.0,0
378.0,J.R. Giddens,24.0,NYK,SF,11.0,0.0,140.0,0.487,11.6,0.795,0.487,0.026,0.077,0.205,0.205,0.613,0.842,0.0,0.333,0.25,0.0,0.263,0.0,0.026,1.0,0.25,0.0,1.0,0.0,0
379.0,Leon Powe,26.0,CLE,SF,20.0,2.0,236.0,0.429,3.2,1.0,0.714,0.204,0.061,0.02,0.0,0.429,0.486,0.3,0.333,0.0,0.0,0.571,0.0,0.02,1.0,0.0,0.0,0.0,0.0,0
380.0,Acie Law,25.0,3TM,PG,26.0,1.0,234.0,0.467,7.2,0.787,0.6,0.08,0.04,0.067,0.213,0.508,0.578,0.0,1.0,0.2,0.313,0.3,0.6,0.027,2.0,0.313,0.4,0.0,0.0,0
380.0,Acie Law,25.0,GSW,PG,5.0,0.0,66.0,0.643,7.4,0.786,0.643,0.071,0.071,0.0,0.214,0.727,0.778,0.0,1.0,0.0,0.333,0.375,0.0,0.071,1.0,0.667,0.0,0.0,0.0,0
380.0,Acie Law,25.0,CHA,PG,9.0,0.0,33.0,0.313,5.6,0.938,0.625,0.125,0.063,0.125,0.063,0.333,0.4,0.0,1.0,0.0,0.0,0.2,0.0,0.063,1.0,0.0,0.0,0.0,0.0,0
380.0,Acie Law,25.0,CHI,PG,12.0,1.0,135.0,0.467,8.7,0.733,0.578,0.067,0.022,0.067,0.267,0.515,0.577,0.0,1.0,0.333,0.333,0.294,0.75,0.0,0.0,0.25,0.667,0.0,0.0,0
381.0,Earl Barron,28.0,NYK,C,7.0,6.0,232.0,0.441,10.0,1.0,0.368,0.118,0.147,0.368,0.0,0.441,0.52,0.25,0.3,0.48,0.0,0.833,0.0,0.015,1.0,0.0,0.0,0.0,0.0,0
382.0,Kelenna Azubuike,26.0,GSW,SF,9.0,7.0,231.0,0.545,11.8,0.693,0.42,0.114,0.045,0.114,0.307,0.623,0.784,0.5,0.25,0.3,0.37,0.553,0.9,0.136,12.0,0.296,0.5,0.0,0.0,0
383.0,Sean Williams,23.0,NJN,PF,20.0,0.0,227.0,0.429,6.6,0.98,0.449,0.224,0.204,0.102,0.02,0.438,0.636,0.364,0.2,0.2,0.0,0.571,0.0,0.143,7.0,0.0,0.0,0.0,0.0,0
384.0,Chris Richard,25.0,CHI,PF,18.0,0.0,224.0,0.517,2.6,1.0,0.655,0.31,0.034,0.0,0.0,0.517,0.579,0.444,0.0,0.0,0.0,0.667,0.0,0.31,6.0,0.0,0.0,0.0,0.0,0
385.0,Chris Quinn,26.0,NJN,PG,25.0,0.0,223.0,0.357,18.7,0.429,0.089,0.107,0.089,0.143,0.571,0.417,0.6,0.5,0.6,0.125,0.313,0.3,0.8,0.0,0.0,0.313,0.3,0.0,0.0,0
386.0,Sundiata Gaines,23.0,UTA,PG,32.0,0.0,217.0,0.463,14.7,0.683,0.256,0.134,0.061,0.232,0.317,0.554,0.619,0.636,0.4,0.474,0.269,0.387,0.429,0.0,0.0,0.038,1.0,2.0,0.0,0
387.0,Alonzo Gee,22.0,WAS,SG,11.0,2.0,182.0,0.475,7.0,0.847,0.576,0.136,0.068,0.068,0.153,0.42,0.5,0.25,0.5,0.0,0.778,0.429,0.714,0.186,11.0,0.444,0.75,0.0,0.0,0
388.0,Raja Bell,33.0,2TM,SG,6.0,5.0,180.0,0.459,19.0,0.557,0.033,0.033,0.066,0.426,0.443,0.471,0.5,1.0,0.25,0.462,0.444,0.688,1.0,0.0,0.0,0.407,0.545,0.0,0.0,0
388.0,Raja Bell,33.0,CHA,SG,5.0,5.0,157.0,0.436,20.1,0.564,0.036,0.018,0.055,0.455,0.436,0.484,0.5,1.0,0.333,0.48,0.375,0.667,1.0,0.0,0.0,0.333,0.375,0.0,0.0,0
388.0,Raja Bell,33.0,GSW,SG,1.0,0.0,23.0,0.667,17.9,0.5,0.0,0.167,0.167,0.167,0.5,0.333,0.0,1.0,0.0,0.0,1.0,1.0,1.0,0.0,0.0,1.0,1.0,0.0,0.0,0
389.0,Kosta Koufos,20.0,UTA,C,36.0,0.0,172.0,0.468,4.2,1.0,0.617,0.255,0.043,0.085,0.0,0.468,0.586,0.333,0.0,0.25,0.0,0.682,0.0,0.191,6.0,0.0,0.0,0.0,0.0,0
390.0,Ian Mahinmi,23.0,SAS,C,26.0,0.0,165.0,0.636,4.7,1.0,0.564,0.273,0.091,0.073,0.0,0.636,0.774,0.6,0.2,0.25,0.0,0.543,0.0,0.127,7.0,0.0,0.0,0.0,0.0,0
391.0,Steven Hunter,28.0,MEM,C,21.0,0.0,158.0,0.395,3.3,1.0,0.674,0.209,0.07,0.047,0.0,0.395,0.552,0.111,0.0,0.0,0.0,0.647,0.0,0.256,11.0,0.0,0.0,0.0,0.0,0
392.0,Kyle Weaver,23.0,OKC,SG,12.0,0.0,144.0,0.364,19.8,0.424,0.091,0.03,0.03,0.273,0.576,0.357,1.0,0.0,0.0,0.222,0.368,0.6,0.857,0.0,0.0,0.368,0.143,0.0,0.0,0
393.0,Mario West,25.0,ATL,SG,39.0,1.0,142.0,0.571,4.2,0.952,0.762,0.095,0.0,0.095,0.048,0.6,0.625,1.0,0.0,0.0,0.0,0.5,0.0,0.286,6.0,0.0,0.0,0.0,0.0,0
394.0,Tony Battie,33.0,NJN,C,15.0,0.0,134.0,0.35,14.9,0.9,0.125,0.075,0.175,0.5,0.1,0.361,0.4,0.333,0.286,0.4,0.25,0.923,1.0,0.05,2.0,0.25,0.0,0.0,0.0,0
395.0,Lester Hudson,25.0,2TM,PG,25.0,0.0,131.0,0.396,15.7,0.698,0.189,0.075,0.094,0.34,0.302,0.432,0.7,0.25,0.4,0.333,0.313,0.5,0.8,0.0,0.0,0.125,0.5,0.0,0.0,0
395.0,Lester Hudson,25.0,BOS,PG,16.0,0.0,70.0,0.389,14.0,0.722,0.222,0.167,0.056,0.278,0.278,0.308,0.5,0.333,0.0,0.2,0.6,0.5,0.667,0.0,0.0,0.2,1.0,0.0,0.0,0
395.0,Lester Hudson,25.0,MEM,PG,9.0,0.0,61.0,0.4,17.3,0.686,0.171,0.029,0.114,0.371,0.314,0.5,0.833,0.0,0.5,0.385,0.182,0.5,1.0,0.0,0.0,0.091,0.0,0.0,0.0,0
396.0,Randolph Morris,24.0,ATL,PF,28.0,0.0,124.0,0.561,6.3,1.0,0.415,0.293,0.244,0.049,0.0,0.561,0.529,0.583,0.5,1.0,0.0,0.391,0.0,0.073,1.0,0.0,0.0,0.0,0.0,0
397.0,Brian Skinner,33.0,LAC,PF,16.0,1.0,123.0,0.4,7.4,1.0,0.44,0.2,0.12,0.24,0.0,0.4,0.364,0.4,1.0,0.167,0.0,0.7,0.0,0.0,0.0,0.0,0.0,0.0,0.0,0
398.0,Darnell Jackson,24.0,2TM,PF,28.0,0.0,123.0,0.3,9.3,0.867,0.5,0.133,0.067,0.167,0.133,0.308,0.4,0.25,0.5,0.0,0.25,0.5,1.0,0.1,3.0,0.0,0.0,0.0,0.0,0
398.0,Darnell Jackson,24.0,CLE,PF,27.0,0.0,114.0,0.32,8.4,0.88,0.52,0.12,0.08,0.16,0.12,0.318,0.385,0.333,0.5,0.0,0.333,0.571,1.0,0.12,3.0,0.0,0.0,0.0,0.0,0
398.0,Darnell Jackson,24.0,MIL,PF,1.0,0.0,9.0,0.2,10.3,0.8,0.4,0.2,0.0,0.2,0.2,0.25,0.5,0.0,0.0,0.0,0.0,0.0,0.0,0.0,0.0,0.0,0.0,0.0,0.0,0
399.0,Lindsey Hunter,39.0,CHI,PG,13.0,0.0,122.0,0.167,18.7,0.567,0.133,0.067,0.1,0.267,0.433,0.235,0.25,0.5,0.0,0.25,0.077,0.5,1.0,0.0,0.0,0.077,0.0,0.0,0.0,0
400.0,Matt Carroll,29.0,DAL,SG,25.0,0.0,121.0,0.36,17.3,0.62,0.12,0.06,0.16,0.28,0.38,0.452,0.333,0.333,0.625,0.429,0.211,0.429,1.0,0.0,0.0,0.579,0.273,0.0,0.0,0
401.0,Pops Mensah-Bonsu,26.0,2TM,PF,20.0,0.0,120.0,0.394,1.0,1.0,0.848,0.061,0.091,0.0,0.0,0.394,0.464,0.0,0.0,0.0,0.0,0.846,0.0,0.364,9.0,0.0,0.0,0.0,0.0,0
401.0,Pops Mensah-Bonsu,26.0,HOU,PF,4.0,0.0,13.0,0.25,0.0,1.0,1.0,0.0,0.0,0.0,0.0,0.25,0.25,0.0,0.0,0.0,0.0,1.0,0.0,0.0,0.0,0.0,0.0,0.0,0.0,0
401.0,Pops Mensah-Bonsu,26.0,TOR,PF,16.0,0.0,107.0,0.414,2.0,1.0,0.828,0.069,0.103,0.0,0.0,0.414,0.5,0.0,0.0,0.0,0.0,0.833,0.0,0.414,9.0,0.0,0.0,0.0,0.0,0
402.0,Jason Collins,31.0,ATL,C,24.0,0.0,115.0,0.348,14.7,0.957,0.174,0.087,0.087,0.609,0.043,0.364,0.25,0.0,0.0,0.5,0.0,1.0,0.0,0.0,0.0,0.0,0.0,0.0,0.0,0
403.0,Danny Green,22.0,CLE,SG,20.0,0.0,115.0,0.385,17.7,0.436,0.231,0.077,0.051,0.077,0.564,0.529,0.556,0.667,0.0,0.667,0.273,0.556,0.833,0.0,0.0,0.455,0.4,1.0,0.0,0
404.0,Coby Karl,26.0,2TM,SG,7.0,1.0,113.0,0.344,13.5,0.656,0.438,0.156,0.0,0.063,0.344,0.429,0.571,0.2,0.0,0.0,0.182,0.444,1.0,0.0,0.0,0.091,0.0,2.0,0.0,0
404.0,Coby Karl,26.0,CLE,SG,3.0,0.0,5.0,0.0,0.0,0.0,0.0,0.0,0.0,0.0,0.0,0.0,0.0,0.0,0.0,0.0,0.0,0.0,0.0,0.0,0.0,0.0,0.0,0.0,0.0,0
404.0,Coby Karl,26.0,GSW,SF,4.0,1.0,108.0,0.344,13.5,0.656,0.438,0.156,0.0,0.063,0.344,0.429,0.571,0.2,0.0,0.0,0.182,0.444,1.0,0.0,0.0,0.091,0.0,2.0,0.0,0
405.0,Marcus Landry,24.0,2TM,SF,18.0,0.0,111.0,0.372,21.4,0.349,0.209,0.047,0.0,0.093,0.651,0.467,0.556,0.0,0.0,0.5,0.321,0.286,1.0,0.023,1.0,0.464,0.462,0.0,0.0,0
405.0,Marcus Landry,24.0,NYK,SF,17.0,0.0,108.0,0.39,17.8,0.366,0.22,0.049,0.0,0.098,0.634,0.467,0.556,0.0,0.0,0.5,0.346,0.286,1.0,0.024,1.0,0.462,0.5,0.0,0.0,0
405.0,Marcus Landry,24.0,BOS,SF,1.0,0.0,3.0,0.0,25.0,0.0,0.0,0.0,0.0,0.0,1.0,0.0,0.0,0.0,0.0,0.0,0.0,0.0,0.0,0.0,0.0,0.5,0.0,0.0,0.0,0
406.0,Joey Dorsey,26.0,2TM,PF,15.0,0.0,106.0,0.45,1.1,1.0,0.8,0.2,0.0,0.0,0.0,0.45,0.5,0.25,0.0,0.0,0.0,0.444,0.0,0.15,3.0,0.0,0.0,0.0,0.0,0
406.0,Joey Dorsey,26.0,HOU,PF,7.0,0.0,54.0,0.455,0.5,1.0,0.909,0.091,0.0,0.0,0.0,0.455,0.5,0.0,0.0,0.0,0.0,0.6,0.0,0.091,1.0,0.0,0.0,0.0,0.0,0
406.0,Joey Dorsey,26.0,SAC,PF,8.0,0.0,52.0,0.444,1.6,1.0,0.667,0.333,0.0,0.0,0.0,0.444,0.5,0.333,0.0,0.0,0.0,0.25,0.0,0.222,2.0,0.0,0.0,0.0,0.0,0
407.0,D.J. White,23.0,OKC,PF,12.0,0.0,102.0,0.61,11.3,1.0,0.268,0.049,0.317,0.366,0.0,0.61,0.545,0.5,0.846,0.467,0.0,0.64,0.0,0.073,2.0,0.0,0.0,0.0,0.0,0
408.0,Roko UkiÄ,25.0,MIL,PG,13.0,0.0,97.0,0.467,14.2,0.6,0.267,0.133,0.167,0.033,0.4,0.611,0.625,0.75,0.6,0.0,0.25,0.273,1.0,0.0,0.0,0.25,0.333,0.0,0.0,0
409.0,Mike Harris,26.0,2TM,PF,13.0,0.0,96.0,0.367,4.8,0.967,0.433,0.267,0.1,0.167,0.033,0.379,0.385,0.375,0.667,0.2,0.0,0.636,0.0,0.0,0.0,0.0,0.0,0.0,0.0,0
409.0,Mike Harris,26.0,HOU,PF,8.0,0.0,82.0,0.37,7.3,0.963,0.407,0.259,0.111,0.185,0.037,0.385,0.364,0.429,0.667,0.2,0.0,0.6,0.0,0.0,0.0,0.0,0.0,0.0,0.0,0
409.0,Mike Harris,26.0,WAS,PF,5.0,0.0,14.0,0.333,2.3,1.0,0.667,0.333,0.0,0.0,0.0,0.333,0.5,0.0,0.0,0.0,0.0,1.0,0.0,0.0,0.0,0.0,0.0,0.0,0.0,0
410.0,Alando Tucker,25.0,2TM,SF,15.0,0.0,96.0,0.436,9.1,0.821,0.462,0.128,0.051,0.179,0.179,0.5,0.611,0.4,0.0,0.429,0.143,0.438,1.0,0.051,0.0,0.429,0.0,0.0,0.0,0
410.0,Alando Tucker,25.0,PHO,SF,11.0,0.0,71.0,0.433,9.5,0.767,0.467,0.1,0.067,0.133,0.233,0.522,0.571,0.667,0.0,0.5,0.143,0.333,1.0,0.067,0.0,0.429,0.0,0.0,0.0,0
410.0,Alando Tucker,25.0,MIN,SF,4.0,0.0,25.0,0.444,8.6,1.0,0.444,0.222,0.0,0.333,0.0,0.444,0.75,0.0,0.0,0.333,0.0,0.75,0.0,0.0,0.0,0.0,0.0,0.0,0.0,0
411.0,PrimoÅ¾ Brezec,30.0,2TM,C,21.0,0.0,95.0,0.346,8.8,1.0,0.346,0.154,0.231,0.269,0.0,0.346,0.333,0.5,0.167,0.429,0.0,0.889,0.0,0.0,0.0,0.0,0.0,0.0,0.0,0
411.0,PrimoÅ¾ Brezec,30.0,PHI,C,7.0,0.0,36.0,0.154,7.9,1.0,0.385,0.154,0.308,0.154,0.0,0.154,0.0,0.5,0.0,0.5,0.0,1.0,0.0,0.0,0.0,0.0,0.0,0.0,0.0,0
411.0,PrimoÅ¾ Brezec,30.0,MIL,C,14.0,0.0,59.0,0.538,9.7,1.0,0.308,0.154,0.154,0.385,0.0,0.538,0.75,0.5,0.5,0.4,0.0,0.857,0.0,0.0,0.0,0.0,0.0,0.0,0.0,0
412.0,Renaldo Balkman,25.0,DEN,SF,13.0,1.0,91.0,0.333,12.7,0.611,0.389,0.056,0.056,0.111,0.389,0.545,0.857,0.0,0.0,0.0,0.0,0.5,0.0,0.0,0.0,0.143,0.0,0.0,0.0,0
413.0,Sean Marks,34.0,NOH,C,14.0,0.0,75.0,0.5,7.7,1.0,0.625,0.0,0.0,0.375,0.0,0.5,0.6,0.0,0.0,0.333,0.0,0.75,0.0,0.125,1.0,0.0,0.0,0.0,0.0,0
414.0,Cedric Jackson,23.0,3TM,PG,12.0,0.0,74.0,0.3,14.1,0.7,0.35,0.15,0.0,0.2,0.3,0.357,0.571,0.333,0.0,0.0,0.167,0.0,0.0,0.0,0.0,0.167,0.0,0.0,0.0,0
414.0,Cedric Jackson,23.0,CLE,PG,5.0,0.0,10.0,0.0,21.3,0.5,0.0,0.0,0.0,0.5,0.5,0.0,0.0,0.0,0.0,0.0,0.0,0.0,0.0,0.0,0.0,0.0,0.0,0.0,0.0,0
414.0,Cedric Jackson,23.0,SAS,PG,3.0,0.0,25.0,0.286,8.5,0.714,0.571,0.143,0.0,0.0,0.286,0.4,0.5,0.0,0.0,0.0,0.0,0.0,0.0,0.0,0.0,0.5,0.0,0.0,0.0,0
414.0,Cedric Jackson,23.0,WAS,PG,4.0,0.0,39.0,0.364,12.6,0.727,0.273,0.182,0.0,0.273,0.273,0.375,0.667,0.5,0.0,0.0,0.333,0.0,0.0,0.0,0.0,0.0,0.0,0.0,0.0,0
415.0,Othyus Jeffers,24.0,UTA,SG,14.0,0.0,73.0,0.414,2.5,1.0,0.759,0.103,0.069,0.069,0.0,0.414,0.5,0.333,0.0,0.0,0.0,0.417,0.0,0.172,4.0,0.0,0.0,0.0,0.0,0
416.0,Desmond Mason,32.0,SAC,SF,5.0,4.0,66.0,0.417,6.3,1.0,0.583,0.0,0.333,0.083,0.0,0.417,0.571,0.0,0.0,1.0,0.0,0.8,0.0,0.167,2.0,0.0,0.0,0.0,0.0,0
417.0,Francisco Elson,33.0,2TM,C,12.0,0.0,66.0,0.333,11.8,1.0,0.2,0.067,0.2,0.533,0.0,0.333,0.667,0.0,0.333,0.25,0.0,0.4,0.0,0.0,0.0,0.0,0.0,0.0,0.0,0
417.0,Francisco Elson,33.0,MIL,C,11.0,0.0,62.0,0.308,13.9,1.0,0.154,0.077,0.231,0.538,0.0,0.308,0.5,0.0,0.333,0.286,0.0,0.5,0.0,0.0,0.0,0.0,0.0,0.0,0.0,0
417.0,Francisco Elson,33.0,PHI,C,1.0,0.0,4.0,0.5,9.7,1.0,0.5,0.0,0.0,0.5,0.0,0.5,1.0,0.0,0.0,0.0,0.0,0.0,0.0,0.0,0.0,0.0,0.0,0.0,0.0,0
418.0,Eddy Curry,27.0,NYK,C,7.0,0.0,62.0,0.381,3.5,1.0,0.476,0.524,0.0,0.0,0.0,0.381,0.3,0.455,0.0,0.0,0.0,0.375,0.0,0.0,0.0,0.0,0.0,0.0,0.0,0
419.0,Mike Wilks,30.0,OKC,PG,4.0,0.0,59.0,0.5,16.8,0.75,0.083,0.083,0.25,0.333,0.25,0.444,1.0,1.0,0.333,0.25,0.667,0.25,1.0,0.0,0.0,0.667,0.5,0.0,0.0,0
420.0,Kareem Rush,29.0,LAC,SG,7.0,0.0,58.0,0.364,14.3,0.727,0.182,0.091,0.273,0.182,0.273,0.375,0.5,1.0,0.333,0.0,0.333,0.333,1.0,0.0,0.0,0.333,0.0,0.0,0.0,0
421.0,Byron Mullens,20.0,OKC,PF,13.0,0.0,54.0,0.368,10.0,1.0,0.316,0.105,0.211,0.368,0.0,0.368,0.5,0.0,0.5,0.286,0.0,0.714,0.0,0.105,2.0,0.0,0.0,0.0,0.0,0
422.0,Shavlik Randolph,26.0,2TM,PF,6.0,0.0,53.0,0.333,3.0,1.0,0.722,0.222,0.0,0.056,0.0,0.333,0.308,0.5,0.0,0.0,0.0,0.333,0.0,0.111,1.0,0.0,0.0,0.0,0.0,0
422.0,Shavlik Randolph,26.0,MIA,PF,3.0,0.0,47.0,0.333,2.8,1.0,0.733,0.2,0.0,0.067,0.0,0.333,0.273,0.667,0.0,0.0,0.0,0.2,0.0,0.067,1.0,0.0,0.0,0.0,0.0,0
422.0,Shavlik Randolph,26.0,POR,PF,3.0,0.0,6.0,0.333,3.2,1.0,0.667,0.333,0.0,0.0,0.0,0.333,0.5,0.0,0.0,0.0,0.0,1.0,0.0,0.333,0.0,0.0,0.0,0.0,0.0,0
423.0,Patrick O'Bryant,23.0,TOR,C,11.0,0.0,51.0,0.533,9.9,0.933,0.267,0.267,0.267,0.133,0.067,0.571,0.5,0.5,0.5,1.0,0.0,0.625,0.0,0.067,1.0,0.0,0.0,0.0,0.0,0
424.0,Travis Diener,27.0,2TM,PG,9.0,0.0,51.0,0.2,22.9,0.3,0.0,0.0,0.1,0.2,0.7,0.333,0.0,0.0,1.0,0.0,0.143,0.0,1.0,0.0,0.0,0.0,0.0,0.0,0.0,0
424.0,Travis Diener,27.0,IND,PG,4.0,0.0,25.0,0.167,24.5,0.167,0.0,0.0,0.0,0.167,0.833,0.0,0.0,0.0,0.0,0.0,0.2,0.0,1.0,0.0,0.0,0.0,0.0,0.0,0.0,0
424.0,Travis Diener,27.0,POR,PG,5.0,0.0,26.0,0.25,21.2,0.5,0.0,0.0,0.25,0.25,0.5,0.5,0.0,0.0,1.0,0.0,0.0,0.0,0.0,0.0,0.0,0.0,0.0,0.0,0.0,0
425.0,Mike James,34.0,WAS,PG,4.0,0.0,46.0,0.3,17.3,0.7,0.05,0.2,0.05,0.4,0.3,0.286,0.0,0.25,1.0,0.25,0.333,0.5,1.0,0.0,0.0,0.5,0.667,0.0,0.0,0
426.0,Brian Cook,29.0,HOU,PF,15.0,0.0,44.0,0.304,15.7,0.609,0.261,0.0,0.174,0.174,0.391,0.357,0.667,0.0,0.25,0.0,0.222,0.6,1.0,0.043,1.0,0.0,0.0,0.0,0.0,0
427.0,Marcus Haislip,29.0,SAS,SF,10.0,0.0,44.0,0.476,14.0,0.762,0.286,0.048,0.048,0.381,0.238,0.438,0.5,1.0,1.0,0.25,0.6,0.429,1.0,0.0,0.0,0.4,0.5,0.0,0.0,0
428.0,Yakhouba Diawara,27.0,MIA,SG,6.0,2.0,44.0,0.2,18.4,0.4,0.2,0.0,0.0,0.2,0.6,0.25,0.5,0.0,0.0,0.0,0.167,1.0,1.0,0.1,1.0,0.333,0.0,0.0,0.0,0
429.0,Patty Mills,21.0,POR,PG,10.0,0.0,38.0,0.417,13.6,0.833,0.292,0.083,0.125,0.333,0.167,0.4,0.286,1.0,0.333,0.375,0.5,0.375,1.0,0.0,0.0,0.0,0.0,0.0,0.0,0
430.0,Will Conroy,27.0,HOU,PG,5.0,0.0,36.0,0.3,9.7,0.7,0.4,0.3,0.0,0.0,0.3,0.429,0.75,0.0,0.0,0.0,0.0,0.0,0.0,0.1,1.0,0.0,0.0,0.0,0.0,0
431.0,Othello Hunter,23.0,ATL,SF,7.0,0.0,33.0,0.333,3.7,1.0,0.583,0.333,0.083,0.0,0.0,0.333,0.429,0.25,0.0,0.0,0.0,0.75,0.0,0.083,1.0,0.0,0.0,0.0,0.0,0
432.0,Taylor Griffin,23.0,PHO,SF,8.0,0.0,32.0,0.4,11.6,0.8,0.3,0.1,0.3,0.1,0.2,0.5,1.0,0.0,0.333,0.0,0.0,0.75,0.0,0.1,1.0,1.0,0.0,0.0,0.0,0
433.0,Alexis AjinÃ§a,21.0,CHA,C,6.0,0.0,30.0,0.5,8.4,1.0,0.4,0.2,0.1,0.3,0.0,0.5,1.0,0.0,0.0,0.333,0.0,0.8,0.0,0.1,1.0,0.0,0.0,0.0,0.0,0
434.0,Joe Alexander,23.0,CHI,SF,8.0,0.0,29.0,0.167,9.2,0.833,0.5,0.0,0.167,0.167,0.167,0.2,0.333,0.0,0.0,0.0,0.0,0.0,0.0,0.0,0.0,1.0,0.0,0.0,0.0,0
435.0,Oliver Lafayette,25.0,BOS,SG,1.0,0.0,22.0,0.5,18.9,0.667,0.0,0.167,0.0,0.5,0.333,0.5,0.0,1.0,0.0,0.333,0.5,0.5,1.0,0.0,0.0,0.5,0.0,0.0,0.0,0
436.0,Jason Hart,31.0,2TM,PG,5.0,0.0,22.0,0.5,17.6,1.0,0.0,0.0,0.0,1.0,0.0,0.5,0.0,0.0,0.0,0.5,0.0,1.0,0.0,0.0,0.0,0.0,0.0,0.0,0.0,0
436.0,Jason Hart,31.0,MIN,PG,1.0,0.0,5.0,0.0,16.2,1.0,0.0,0.0,0.0,1.0,0.0,0.0,0.0,0.0,0.0,0.0,0.0,0.0,0.0,0.0,0.0,0.0,0.0,0.0,0.0,0
436.0,Jason Hart,31.0,NOH,PG,4.0,0.0,17.0,1.0,19.0,1.0,0.0,0.0,0.0,1.0,0.0,1.0,0.0,0.0,0.0,1.0,0.0,1.0,0.0,0.0,0.0,0.0,0.0,0.0,0.0,0
437.0,Antonio Anderson,24.0,OKC,SF,1.0,0.0,15.0,0.333,18.6,1.0,0.0,0.0,0.333,0.667,0.0,0.333,0.0,0.0,1.0,0.0,0.0,1.0,0.0,0.0,0.0,0.0,0.0,0.0,0.0,0
438.0,Paul Davis,25.0,WAS,PF,2.0,0.0,8.0,0.5,10.3,1.0,0.25,0.25,0.25,0.25,0.0,0.5,1.0,0.0,1.0,0.0,0.0,0.5,0.0,0.0,0.0,0.0,0.0,0.0,0.0,0
439.0,Ryan Bowen,34.0,OKC,SF,1.0,0.0,8.0,1.0,0.0,1.0,1.0,0.0,0.0,0.0,0.0,1.0,1.0,0.0,0.0,0.0,0.0,0.0,0.0,0.0,0.0,0.0,0.0,0.0,0.0,0
440.0,Dwayne Jones,26.0,PHO,PF,2.0,0.0,7.0,0.0,0.0,0.0,0.0,0.0,0.0,0.0,0.0,0.0,0.0,0.0,0.0,0.0,0.0,0.0,0.0,0.0,0.0,0.0,0.0,0.0,0.0,0
441.0,Trey Gilder,25.0,MEM,SF,2.0,0.0,5.0,1.0,17.4,1.0,0.0,0.0,0.0,1.0,0.0,1.0,0.0,0.0,0.0,1.0,0.0,1.0,0.0,0.0,0.0,0.0,0.0,0.0,0.0,0
442.0,JamesOn Curry,24.0,LAC,PG,1.0,0.0,0.0,0.0,0.0,0.0,0.0,0.0,0.0,0.0,0.0,0.0,0.0,0.0,0.0,0.0,0.0,0.0,0.0,0.0,0.0,0.0,0.0,0.0,0.0,0
0.0,League Average,0.0,0,0,0.0,0.0,0.0,0.461,11.8,0.778,0.32,0.129,0.11,0.218,0.222,0.492,0.613,0.421,0.4,0.402,0.355,0.505,0.847,0.048,0.0,0.258,0.392,0.0,0.0,0
